page_title,comments,url,date,pred_lang,gpt_toxic_class
Το ΜΑΚΕΛΕΙΟ Προσπαθεί Να Μπλέξει Και Τον HAYATE?,Μλκα ειναι αστείο αυτό το άρθρο ειδικά για εμάς που ξέρουμε τον Hayate από παλιές εποχές,https://www.youtube.com/watch?v=vSMMBjg_CKc,2023-11-18,Other,4
Το ΜΑΚΕΛΕΙΟ Προσπαθεί Να Μπλέξει Και Τον HAYATE?,Έκλαψα και ο χαγιατε συνεχίζει τις εκπομπές κανονικά χαχαχαχχα να στε καλά έκλαψα πρωι πρωι,https://www.youtube.com/watch?v=vSMMBjg_CKc,2023-11-22,Other,2
Το ΜΑΚΕΛΕΙΟ Προσπαθεί Να Μπλέξει Και Τον HAYATE?,Επόμενο live hayate: Τρελό μακελειό με δυνάμεις του Ισραήλ και τζόγος σε καζίνο της Γάζας,https://www.youtube.com/watch?v=vSMMBjg_CKc,2023-11-18,Greek,5
Το ΜΑΚΕΛΕΙΟ Προσπαθεί Να Μπλέξει Και Τον HAYATE?,γελάμε με τον ίδιο τρόπο εντωμεταξύ γάματα,https://www.youtube.com/watch?v=vSMMBjg_CKc,2023-11-18,Greek,2
Το ΜΑΚΕΛΕΙΟ Προσπαθεί Να Μπλέξει Και Τον HAYATE?,μου αρέσει που γελάς και γελάνε και άλλοι μαζί. Πιο πολύ μου αρέσει όταν θα κάνουν έλεγχο στους λογαριασμούς που πήγαιναν τα μπικικίνια και στο tax dat ass. Εκεί περιμένουμε να γελάσουμε.,https://www.youtube.com/watch?v=vSMMBjg_CKc,2023-11-19,English,2
Το ΜΑΚΕΛΕΙΟ Προσπαθεί Να Μπλέξει Και Τον HAYATE?,"Ο Hayate έχει ιστορικό. Ανέβαζε gameplay s
στο League of Legends, του έκαναν demonetise το κανάλι επειδή έβριζε.
Το taser χρησιμοποιείται ως όπλο βασανισμού και ως μεσο ακινητοποίησης για σύλληψη απο την αστυνομία των Η.Π.Α.
Το content που αναπαράγεται σε live streaming και απο κανάλια που κάνουν upload αυτό το content μπορεί ανετα ο θεατής αυτα που βλέπει να τα αντιγράψει.",https://www.youtube.com/watch?v=vSMMBjg_CKc,2023-11-26,Other,3
Το ΜΑΚΕΛΕΙΟ Προσπαθεί Να Μπλέξει Και Τον HAYATE?,Συμφωνώ στα περισσότερα αν όχι όλα σε αυτά που αναφέρεσαι στα βίντεό σου στην προκειμένη περίπτωση όμως καλά κάνουν και το κάνουν λίγο καρικατούρα το όλο ζήτημα γιατί το ζήτημα του Hayate και γενικά αυτή η πλέμπα όλη του Internet Πρέπει με κάποιον τρόπο είτε να εκλείψει είτε να μειωθεί,https://www.youtube.com/watch?v=vSMMBjg_CKc,2023-11-18,Other,2
Το ΜΑΚΕΛΕΙΟ Προσπαθεί Να Μπλέξει Και Τον HAYATE?,"Δεν το κρίνει ο ""νομοθέτης"", ο δικαστής/δικαστήριο το κρίνει. Ο νομοθέτης (η βουλή) έχει ήδη νομοθετήσει και έχει περάσει νόμους γιαυτό.",https://www.youtube.com/watch?v=vSMMBjg_CKc,2023-11-18,Other,3
Το ΜΑΚΕΛΕΙΟ Προσπαθεί Να Μπλέξει Και Τον HAYATE?,Να σου χαρίσω  μια μπλούζα να μου χαρίσεις 15 ευρώ ,https://www.youtube.com/watch?v=vSMMBjg_CKc,2023-11-22,Other,1
Το ΜΑΚΕΛΕΙΟ Προσπαθεί Να Μπλέξει Και Τον HAYATE?,Φλόριαν μετα το ξυλο που έριξες στην helenalive έρχεται η σειρά σου,https://www.youtube.com/watch?v=vSMMBjg_CKc,2023-11-18,English,4
Το ΜΑΚΕΛΕΙΟ Προσπαθεί Να Μπλέξει Και Τον HAYATE?,"Ναι, είναι γελοίο ετσι όπως το γράφει το μακελειό, αλλα μην μου υποστηρίζεις και τον Hayate!",https://www.youtube.com/watch?v=vSMMBjg_CKc,2023-11-18,Other,2
Το ΜΑΚΕΛΕΙΟ Προσπαθεί Να Μπλέξει Και Τον HAYATE?,Γιατι φιλαράκι ποιος τα ξεκίνησε ολα αυτα?? Πρωτος ηταν ο hayate..εσυ φιλε μαλλον δεν γνωρίζεις τι σημαίνει παρέα..σοβαρεψου και σε ειχα για σοβαρό άτομο..,https://www.youtube.com/watch?v=vSMMBjg_CKc,2023-11-18,Other,4
Το ΜΑΚΕΛΕΙΟ Προσπαθεί Να Μπλέξει Και Τον HAYATE?,"Δυστυχως η γελοιοτητα του Μακελειού εχει δωσει το δικαίωμα με τις υπερβολες της, να προβαλλουν την εφημερίδα αυτην ατομα σαν τον lotof, ως επιχειρημα κατά της 100% ΟΡΘΗΣ διαπόμπευσης της πλεμπας του Hayate.",https://www.youtube.com/watch?v=vSMMBjg_CKc,2023-11-18,Greek,4
Το ΜΑΚΕΛΕΙΟ Προσπαθεί Να Μπλέξει Και Τον HAYATE?,που μενετε? σπιτι μου!!!!!!!!!!!!!!!!!!!!!!!!!!!!!!!!!!!!!!!  χαχα πολυ γέλιο,https://www.youtube.com/watch?v=vSMMBjg_CKc,2023-11-18,Other,1
Το ΜΑΚΕΛΕΙΟ Προσπαθεί Να Μπλέξει Και Τον HAYATE?,Εγω βλεπω οτι ολοι κονοματε στην πλατη του αρχηγου.,https://www.youtube.com/watch?v=vSMMBjg_CKc,2023-11-19,English,1
Το ΜΑΚΕΛΕΙΟ Προσπαθεί Να Μπλέξει Και Τον HAYATE?,Κάνε βίντεο με Θάνο Κόκκαλη vs Mr Xristos,https://www.youtube.com/watch?v=vSMMBjg_CKc,2023-11-18,Greeklish,2
Το ΜΑΚΕΛΕΙΟ Προσπαθεί Να Μπλέξει Και Τον HAYATE?,Βρήκα το βίντεο με το τέστ IQ. Έβγαλε 62 ο Βάρδος και 65 ο Τσούλφας.,https://www.youtube.com/watch?v=vSMMBjg_CKc,2023-11-18,Greek,2
Το ΜΑΚΕΛΕΙΟ Προσπαθεί Να Μπλέξει Και Τον HAYATE?,δεν τα ξερετε εσεις εκει? εσεις ειστε εγκυκλοπαιδεια,https://www.youtube.com/watch?v=vSMMBjg_CKc,2023-11-18,Other,2
Το ΜΑΚΕΛΕΙΟ Προσπαθεί Να Μπλέξει Και Τον HAYATE?,Ο βάρδος θα ανεβάσει κανάλι με τον Ευαγγελάτο...,https://www.youtube.com/watch?v=vSMMBjg_CKc,2023-11-22,Greeklish,2
Το ΜΑΚΕΛΕΙΟ Προσπαθεί Να Μπλέξει Και Τον HAYATE?,Μακαρι να μπει μεσα και ο φλοριαν ο hayate,https://www.youtube.com/watch?v=vSMMBjg_CKc,2023-11-18,English,4
Το ΜΑΚΕΛΕΙΟ Προσπαθεί Να Μπλέξει Και Τον HAYATE?,Υπάρχει φυλάκιση καθως και για σενα,https://www.youtube.com/watch?v=vSMMBjg_CKc,2023-11-21,Greek,5
Το ΜΑΚΕΛΕΙΟ Προσπαθεί Να Μπλέξει Και Τον HAYATE?,τα χαστουκια και τις φτυσιες σε ατομα δεν τα εδειξες!,https://www.youtube.com/watch?v=vSMMBjg_CKc,2023-11-19,Greek,2
Το ΜΑΚΕΛΕΙΟ Προσπαθεί Να Μπλέξει Και Τον HAYATE?,Πάμε Γερά Lotof,https://www.youtube.com/watch?v=vSMMBjg_CKc,2023-11-18,Other,1
Το ΜΑΚΕΛΕΙΟ Προσπαθεί Να Μπλέξει Και Τον HAYATE?,HAYATE- HAMAS  CONFIRMED.,https://www.youtube.com/watch?v=vSMMBjg_CKc,2023-11-18,Other,5
Το ΜΑΚΕΛΕΙΟ Προσπαθεί Να Μπλέξει Και Τον HAYATE?,malaka leipei to mpounidi ston solomon apo daddy tsoulfa,https://www.youtube.com/watch?v=vSMMBjg_CKc,2023-11-28,English,5
Το ΜΑΚΕΛΕΙΟ Προσπαθεί Να Μπλέξει Και Τον HAYATE?,Σε λιγο θα βγάλουνε και οτι ο hayate βάραγε την Έλενα on camera ενω βαρούσε το τραπέζι ,https://www.youtube.com/watch?v=vSMMBjg_CKc,2023-11-18,English,5
Το ΜΑΚΕΛΕΙΟ Προσπαθεί Να Μπλέξει Και Τον HAYATE?,"Lotof απο Ισραήλ- Χαμάς σε ΝΔ στις εκλογές, στον Hayate... Καλησπέρα με αγάπη από την υπόγα",https://www.youtube.com/watch?v=vSMMBjg_CKc,2023-11-18,Other,5
Το ΜΑΚΕΛΕΙΟ Προσπαθεί Να Μπλέξει Και Τον HAYATE?,6:48 Σύντροφος Ευαγγελάτος: πρεπει το αμεατο να επαναστατήσει και να πάψει αυτή η εκμετάλλευση ,https://www.youtube.com/watch?v=vSMMBjg_CKc,2023-11-18,Other,3
Το ΜΑΚΕΛΕΙΟ Προσπαθεί Να Μπλέξει Και Τον HAYATE?,Oxi polu fulakh eleos dld hahahah,https://www.youtube.com/watch?v=vSMMBjg_CKc,2023-11-18,Other,2
Το ΜΑΚΕΛΕΙΟ Προσπαθεί Να Μπλέξει Και Τον HAYATE?,HAYATOBASTARDO KLAPSE MOULIKO KRIPSU KOTA STH FWLIA SU 8ASU KANUN THN TRYPA SOURWTHRI STHN MPOOUZOU OSO KAINA KRYFTEIS ERXETAI PUTSAAAAAAAAA,https://www.youtube.com/watch?v=vSMMBjg_CKc,2023-11-20,English,5
Το ΜΑΚΕΛΕΙΟ Προσπαθεί Να Μπλέξει Και Τον HAYATE?,"Με το χαρακτηρισμό ""καθάρματα"" που τους γράψανε  ( 0:43 ) μπορουν να κάνουν μήνυση στον αρθρογραφο και τη σελίδα που το έγραψε. Μέχρι να γίνει μια δίκη οποιοσδήποτε είναι αθώος μέχρι αποδείξεως του εναντίου.Το να χαρακτηρίζει κανείς άτομα ΠΡΙΝ γίνει δικαστήριο είναι μηνυσημο. Αυτό ξέρω εγω.",https://www.youtube.com/watch?v=vSMMBjg_CKc,2023-11-23,English,3
Το ΜΑΚΕΛΕΙΟ Προσπαθεί Να Μπλέξει Και Τον HAYATE?,4:19,https://www.youtube.com/watch?v=vSMMBjg_CKc,2023-11-18,English,2
Το ΜΑΚΕΛΕΙΟ Προσπαθεί Να Μπλέξει Και Τον HAYATE?,o vardos  ta eipe olla,https://www.youtube.com/watch?v=vSMMBjg_CKc,2023-11-18,Greeklish,1
Το ΜΑΚΕΛΕΙΟ Προσπαθεί Να Μπλέξει Και Τον HAYATE?,Ο Hayate Kai Leuteris Tv Είναι Δεν Άνθρωποι,https://www.youtube.com/watch?v=vSMMBjg_CKc,2023-11-18,English,5
Το ΜΑΚΕΛΕΙΟ Προσπαθεί Να Μπλέξει Και Τον HAYATE?,MALAKA KLAIW ME OLH THN ENOIA THS FRASEWS,https://www.youtube.com/watch?v=vSMMBjg_CKc,2023-11-20,English,5
Το ΜΑΚΕΛΕΙΟ Προσπαθεί Να Μπλέξει Και Τον HAYATE?,florian zany,https://www.youtube.com/watch?v=vSMMBjg_CKc,2023-11-19,English,1
Το ΜΑΚΕΛΕΙΟ Προσπαθεί Να Μπλέξει Και Τον HAYATE?,First,https://www.youtube.com/watch?v=vSMMBjg_CKc,2023-11-18,Other,1
Το ΜΑΚΕΛΕΙΟ Προσπαθεί Να Μπλέξει Και Τον HAYATE?,Φάτε μπέργκερ μάγκες!!,https://www.youtube.com/watch?v=vSMMBjg_CKc,2023-11-19,Greek,1
Το ΜΑΚΕΛΕΙΟ Προσπαθεί Να Μπλέξει Και Τον HAYATE?,Ανασκολοπισμός για όλους ανεξαιρέτως .....,https://www.youtube.com/watch?v=vSMMBjg_CKc,2023-11-18,English,1
Το ΜΑΚΕΛΕΙΟ Προσπαθεί Να Μπλέξει Και Τον HAYATE?,"Είστε στημένοι , αλλά θα κάνετε μια τρύπα στο νερό.",https://www.youtube.com/watch?v=vSMMBjg_CKc,2023-11-18,Greek,1
Το ΜΑΚΕΛΕΙΟ Προσπαθεί Να Μπλέξει Και Τον HAYATE?,"Είστε στημένοι , αλλά θα κάνετε μια τρύπα στο νερό.",https://www.youtube.com/watch?v=vSMMBjg_CKc,2023-11-18,Greek,1
"ΕΚΑΨΕ ΕΓΚΕΦΑΛΟ ο Τρύφωνος, με τύπο που ακούει τον εαυτό του αλλά δεν του λέει ΤΙΠΟΤΑ!",o Τρύφωνος ειναι  μια μικρή ευφυια!ΦΟΒΕΡΟΣ,https://www.youtube.com/watch?v=gf2BG6ZFe2A,2023-11-28,Greeklish,1
"ΕΚΑΨΕ ΕΓΚΕΦΑΛΟ ο Τρύφωνος, με τύπο που ακούει τον εαυτό του αλλά δεν του λέει ΤΙΠΟΤΑ!",Πολύ καλό βίντεο...οι ατάκες που επιλέξατε ήταν ταμάμ!,https://www.youtube.com/watch?v=gf2BG6ZFe2A,2023-11-28,English,1
"ΕΚΑΨΕ ΕΓΚΕΦΑΛΟ ο Τρύφωνος, με τύπο που ακούει τον εαυτό του αλλά δεν του λέει ΤΙΠΟΤΑ!","""Πες μου ότι πας σε ψυχίατρο χωρίς να μου το πεις""",https://www.youtube.com/watch?v=gf2BG6ZFe2A,2023-11-28,Greeklish,2
"ΕΚΑΨΕ ΕΓΚΕΦΑΛΟ ο Τρύφωνος, με τύπο που ακούει τον εαυτό του αλλά δεν του λέει ΤΙΠΟΤΑ!",...ο καλύτερος του χωριού...,https://www.youtube.com/watch?v=gf2BG6ZFe2A,2023-11-28,Greek,1
"ΕΚΑΨΕ ΕΓΚΕΦΑΛΟ ο Τρύφωνος, με τύπο που ακούει τον εαυτό του αλλά δεν του λέει ΤΙΠΟΤΑ!",Δεν πειράζειιιιι...δεν πειράζειιιιι ,https://www.youtube.com/watch?v=gf2BG6ZFe2A,2023-11-28,English,2
"ΕΚΑΨΕ ΕΓΚΕΦΑΛΟ ο Τρύφωνος, με τύπο που ακούει τον εαυτό του αλλά δεν του λέει ΤΙΠΟΤΑ!","κιαλλο χιο στα βίντεο
θελωω κιαααλλοοο",https://www.youtube.com/watch?v=gf2BG6ZFe2A,2023-11-28,Greeklish,1
"ΕΚΑΨΕ ΕΓΚΕΦΑΛΟ ο Τρύφωνος, με τύπο που ακούει τον εαυτό του αλλά δεν του λέει ΤΙΠΟΤΑ!","Η τον τρολλάρει ή πράγματι έχει πρόβλημα
 Αν συμβαίνει το δεύτερο συγχαρητήρια στον παρουσιαστή και σε όσους εδώ μέσα κοροϊδεύουν έναν συνάνθρωπό μας που έχει κάποια ""ιδιαιτερότητα"" Βέβαια αν ήταν κανένα ανυπεράσπιστο γατάκι όλοι θα εσχιζαν τα ιμάτιά τους,αλλά εδώ πρόκειται για άνθρωπο οπότε όλα καλά!!",https://www.youtube.com/watch?v=gf2BG6ZFe2A,2023-11-28,Other,1
"ΕΚΑΨΕ ΕΓΚΕΦΑΛΟ ο Τρύφωνος, με τύπο που ακούει τον εαυτό του αλλά δεν του λέει ΤΙΠΟΤΑ!",Ποσο προσβάλει για την τηλεθέαση αυτός ο άνθρωπος...,https://www.youtube.com/watch?v=gf2BG6ZFe2A,2023-11-28,English,2
"ΕΚΑΨΕ ΕΓΚΕΦΑΛΟ ο Τρύφωνος, με τύπο που ακούει τον εαυτό του αλλά δεν του λέει ΤΙΠΟΤΑ!","Σε μια τηλεόραση που προσπαθεί να μας περάσει την πολιτική ορθότητα, έχουμε τον παρουσιαστή αυτής της εκπομπής που προσβάλλει τον παίκτη. Αυτό δηλαδή είναι πολιτικά ορθό σύμφωνα πάντοτε με αυτά που προσπαθούν να μας περάσουν;",https://www.youtube.com/watch?v=gf2BG6ZFe2A,2023-11-28,English,2
"ΕΚΑΨΕ ΕΓΚΕΦΑΛΟ ο Τρύφωνος, με τύπο που ακούει τον εαυτό του αλλά δεν του λέει ΤΙΠΟΤΑ!",Τι σας λέει ο εαυτός σας παιδί μου ?! ,https://www.youtube.com/watch?v=gf2BG6ZFe2A,2023-11-28,English,2
"ΕΚΑΨΕ ΕΓΚΕΦΑΛΟ ο Τρύφωνος, με τύπο που ακούει τον εαυτό του αλλά δεν του λέει ΤΙΠΟΤΑ!","Τίποτα, κανονικά τα λέει ο άνθρωπος έτσι ακριβώς όπως είναι",https://www.youtube.com/watch?v=gf2BG6ZFe2A,2023-11-28,Other,2
"ΕΚΑΨΕ ΕΓΚΕΦΑΛΟ ο Τρύφωνος, με τύπο που ακούει τον εαυτό του αλλά δεν του λέει ΤΙΠΟΤΑ!","Τελικά πού το βρήκατε αυτό το φυντάνι ;;
Απορώ πως τον άντεξε ο Τάσος !!!",https://www.youtube.com/watch?v=gf2BG6ZFe2A,2023-11-28,Greek,2
"ΕΚΑΨΕ ΕΓΚΕΦΑΛΟ ο Τρύφωνος, με τύπο που ακούει τον εαυτό του αλλά δεν του λέει ΤΙΠΟΤΑ!",Πιο ξινός και από λεμόνι  🫠,https://www.youtube.com/watch?v=gf2BG6ZFe2A,2023-11-28,English,1
"ΕΚΑΨΕ ΕΓΚΕΦΑΛΟ ο Τρύφωνος, με τύπο που ακούει τον εαυτό του αλλά δεν του λέει ΤΙΠΟΤΑ!",Αυτο το τσουπ ολα τα λεφτά ,https://www.youtube.com/watch?v=gf2BG6ZFe2A,2023-11-28,Greek,1
"ΕΚΑΨΕ ΕΓΚΕΦΑΛΟ ο Τρύφωνος, με τύπο που ακούει τον εαυτό του αλλά δεν του λέει ΤΙΠΟΤΑ!",Δεν πειράζειιιιιι ,https://www.youtube.com/watch?v=gf2BG6ZFe2A,2023-11-28,Other,1
"ΕΚΑΨΕ ΕΓΚΕΦΑΛΟ ο Τρύφωνος, με τύπο που ακούει τον εαυτό του αλλά δεν του λέει ΤΙΠΟΤΑ!",Δε πειραζειιιιιι δε πειράζειιιιι,https://www.youtube.com/watch?v=gf2BG6ZFe2A,2023-11-28,Other,1
"ΕΚΑΨΕ ΕΓΚΕΦΑΛΟ ο Τρύφωνος, με τύπο που ακούει τον εαυτό του αλλά δεν του λέει ΤΙΠΟΤΑ!",Καλοοοο!!!!,https://www.youtube.com/watch?v=gf2BG6ZFe2A,2023-11-28,English,1
"ΕΚΑΨΕ ΕΓΚΕΦΑΛΟ ο Τρύφωνος, με τύπο που ακούει τον εαυτό του αλλά δεν του λέει ΤΙΠΟΤΑ!",Ρεεε εισαι τρελος ρε;,https://www.youtube.com/watch?v=gf2BG6ZFe2A,2023-11-28,Greek,1
"ΕΚΑΨΕ ΕΓΚΕΦΑΛΟ ο Τρύφωνος, με τύπο που ακούει τον εαυτό του αλλά δεν του λέει ΤΙΠΟΤΑ!","Και πως τα πάτε
Όχι καλά..
-ουτε εδώ...
Χαχα",https://www.youtube.com/watch?v=gf2BG6ZFe2A,2023-11-28,English,2
"ΕΚΑΨΕ ΕΓΚΕΦΑΛΟ ο Τρύφωνος, με τύπο που ακούει τον εαυτό του αλλά δεν του λέει ΤΙΠΟΤΑ!","0:34  Τι σας λέει δλδ????
 Σκυλιιιιιιιιιιιιιιιιι",https://www.youtube.com/watch?v=gf2BG6ZFe2A,2023-11-28,English,2
"ΕΚΑΨΕ ΕΓΚΕΦΑΛΟ ο Τρύφωνος, με τύπο που ακούει τον εαυτό του αλλά δεν του λέει ΤΙΠΟΤΑ!",Η μουσική μου τη δίνει πολύ ,https://www.youtube.com/watch?v=gf2BG6ZFe2A,2023-11-28,Greeklish,1
"ΕΚΑΨΕ ΕΓΚΕΦΑΛΟ ο Τρύφωνος, με τύπο που ακούει τον εαυτό του αλλά δεν του λέει ΤΙΠΟΤΑ!",DEN PEIRAZEIIII,https://www.youtube.com/watch?v=gf2BG6ZFe2A,2023-11-28,English,5
"ΕΚΑΨΕ ΕΓΚΕΦΑΛΟ ο Τρύφωνος, με τύπο που ακούει τον εαυτό του αλλά δεν του λέει ΤΙΠΟΤΑ!",Φσσσσσσσσσσσσ θελει,https://www.youtube.com/watch?v=gf2BG6ZFe2A,2023-11-28,Greek,2
"ΕΚΑΨΕ ΕΓΚΕΦΑΛΟ ο Τρύφωνος, με τύπο που ακούει τον εαυτό του αλλά δεν του λέει ΤΙΠΟΤΑ!",0:12  τι ενοις?,https://www.youtube.com/watch?v=gf2BG6ZFe2A,2023-11-28,Greek,2
"ΕΚΑΨΕ ΕΓΚΕΦΑΛΟ ο Τρύφωνος, με τύπο που ακούει τον εαυτό του αλλά δεν του λέει ΤΙΠΟΤΑ!",tsouupp,https://www.youtube.com/watch?v=gf2BG6ZFe2A,2023-11-28,English,1
"ΕΚΑΨΕ ΕΓΚΕΦΑΛΟ ο Τρύφωνος, με τύπο που ακούει τον εαυτό του αλλά δεν του λέει ΤΙΠΟΤΑ!",First,https://www.youtube.com/watch?v=gf2BG6ZFe2A,2023-11-28,Other,1
"ΕΚΑΨΕ ΕΓΚΕΦΑΛΟ ο Τρύφωνος, με τύπο που ακούει τον εαυτό του αλλά δεν του λέει ΤΙΠΟΤΑ!",Ακούω την αγάπη και δεν ακούω τις σκέψεις μου...,https://www.youtube.com/watch?v=gf2BG6ZFe2A,2023-11-19,Greeklish,2
ΑΜΕΤΑΝΟΗΤΟΣ Μπέος βγαίνει στον ΑΝΤ1 και τα ΞΑΝΑΧΩΝΕΙ στου πάντες χωρίς να θέλει να προσβάλει ΚΑΝΕΝΑΝ,"""Από την Ιαπωνία μου στείλανε συνχαρητηρια""
Νομίζω ο Oda του έστειλε το μπράβο και του πρότεινε να μπει ως Μαυρογενης στην σειρά του ΝετΦλιξ One Piece Live action  ",https://www.youtube.com/watch?v=X1ev3RxDnNI,2023-11-28,Other,2
ΑΜΕΤΑΝΟΗΤΟΣ Μπέος βγαίνει στον ΑΝΤ1 και τα ΞΑΝΑΧΩΝΕΙ στου πάντες χωρίς να θέλει να προσβάλει ΚΑΝΕΝΑΝ,Μπράβο ρε Άντρα!!!! Μόνο εσύ ,https://www.youtube.com/watch?v=X1ev3RxDnNI,2023-11-28,Greeklish,1
ΑΜΕΤΑΝΟΗΤΟΣ Μπέος βγαίνει στον ΑΝΤ1 και τα ΞΑΝΑΧΩΝΕΙ στου πάντες χωρίς να θέλει να προσβάλει ΚΑΝΕΝΑΝ,"«Αφού είσαι δημοσιογράφος είσαι και νούμερο»
Τι έγινε ρε Χατζηνικολαου , σιωπή ;;;;
Αλλά πολύ πιθανό να μην αισθάνεται δημοσιογράφος ….Και καλά κάνει .",https://www.youtube.com/watch?v=X1ev3RxDnNI,2023-11-28,Other,1
ΑΜΕΤΑΝΟΗΤΟΣ Μπέος βγαίνει στον ΑΝΤ1 και τα ΞΑΝΑΧΩΝΕΙ στου πάντες χωρίς να θέλει να προσβάλει ΚΑΝΕΝΑΝ,"Τελειόφοιτος δημοτικού..Τι μόρφωση έχει ο άνθρωπος, μπράβο του",https://www.youtube.com/watch?v=X1ev3RxDnNI,2023-11-28,Greek,1
ΑΜΕΤΑΝΟΗΤΟΣ Μπέος βγαίνει στον ΑΝΤ1 και τα ΞΑΝΑΧΩΝΕΙ στου πάντες χωρίς να θέλει να προσβάλει ΚΑΝΕΝΑΝ,Η ψήφος δε δείχνει τίποτα για τον άνθρωπο που εκλέγεται. Η ψήφος φανερώνει την ποιότητα και το ποιόν εκείνου που ψηφίζει.,https://www.youtube.com/watch?v=X1ev3RxDnNI,2023-11-28,Other,2
ΑΜΕΤΑΝΟΗΤΟΣ Μπέος βγαίνει στον ΑΝΤ1 και τα ΞΑΝΑΧΩΝΕΙ στου πάντες χωρίς να θέλει να προσβάλει ΚΑΝΕΝΑΝ,Εσείς Γιατί Το Επαναλαμβάνεται Οι Μάγκες Δέρνουν ,https://www.youtube.com/watch?v=X1ev3RxDnNI,2023-11-28,Other,2
ΑΜΕΤΑΝΟΗΤΟΣ Μπέος βγαίνει στον ΑΝΤ1 και τα ΞΑΝΑΧΩΝΕΙ στου πάντες χωρίς να θέλει να προσβάλει ΚΑΝΕΝΑΝ,Μπραβο Λουμπεν!¡!,https://www.youtube.com/watch?v=X1ev3RxDnNI,2023-11-28,Other,2
ΑΜΕΤΑΝΟΗΤΟΣ Μπέος βγαίνει στον ΑΝΤ1 και τα ΞΑΝΑΧΩΝΕΙ στου πάντες χωρίς να θέλει να προσβάλει ΚΑΝΕΝΑΝ,"""αφού είσαι δημοσιογράφος είσαι και νούμερο"" επιτέλους τους το είπε κάποιος στον αέρα",https://www.youtube.com/watch?v=X1ev3RxDnNI,2023-11-28,English,2
ΑΜΕΤΑΝΟΗΤΟΣ Μπέος βγαίνει στον ΑΝΤ1 και τα ΞΑΝΑΧΩΝΕΙ στου πάντες χωρίς να θέλει να προσβάλει ΚΑΝΕΝΑΝ,Αφού είσαι δημοσιογράφος είσαι κ νούμερο το μόνο πράγμα που είπε σωστά,https://www.youtube.com/watch?v=X1ev3RxDnNI,2023-11-28,Greeklish,2
ΑΜΕΤΑΝΟΗΤΟΣ Μπέος βγαίνει στον ΑΝΤ1 και τα ΞΑΝΑΧΩΝΕΙ στου πάντες χωρίς να θέλει να προσβάλει ΚΑΝΕΝΑΝ,Σωστός ο Μπέος. Και δεν μπορεί κανείς να του κάνει τίποτα.,https://www.youtube.com/watch?v=X1ev3RxDnNI,2023-11-28,Greek,2
ΑΜΕΤΑΝΟΗΤΟΣ Μπέος βγαίνει στον ΑΝΤ1 και τα ΞΑΝΑΧΩΝΕΙ στου πάντες χωρίς να θέλει να προσβάλει ΚΑΝΕΝΑΝ,"ΕΠΙΤΕΛΟΥΣ !!!!!!  
ΕΠΙΣΤΡΕΨΑΜΕ  στις εποχες  Ερωτοδικειου και ΕΘΝΙΚΟΥ  ΣΤΑΡ  !!! ",https://www.youtube.com/watch?v=X1ev3RxDnNI,2023-11-28,Greek,2
ΑΜΕΤΑΝΟΗΤΟΣ Μπέος βγαίνει στον ΑΝΤ1 και τα ΞΑΝΑΧΩΝΕΙ στου πάντες χωρίς να θέλει να προσβάλει ΚΑΝΕΝΑΝ,Παιχτουρα πάμε έχεις πολλά να δώσεις ,https://www.youtube.com/watch?v=X1ev3RxDnNI,2023-11-28,Other,2
ΑΜΕΤΑΝΟΗΤΟΣ Μπέος βγαίνει στον ΑΝΤ1 και τα ΞΑΝΑΧΩΝΕΙ στου πάντες χωρίς να θέλει να προσβάλει ΚΑΝΕΝΑΝ,Την καλημέρα μας και στο Λούμπεν ,https://www.youtube.com/watch?v=X1ev3RxDnNI,2023-11-28,Greek,1
ΑΜΕΤΑΝΟΗΤΟΣ Μπέος βγαίνει στον ΑΝΤ1 και τα ΞΑΝΑΧΩΝΕΙ στου πάντες χωρίς να θέλει να προσβάλει ΚΑΝΕΝΑΝ,οτι καλυτερο ειδα σημερα.,https://www.youtube.com/watch?v=X1ev3RxDnNI,2023-11-28,Greeklish,1
ΑΜΕΤΑΝΟΗΤΟΣ Μπέος βγαίνει στον ΑΝΤ1 και τα ΞΑΝΑΧΩΝΕΙ στου πάντες χωρίς να θέλει να προσβάλει ΚΑΝΕΝΑΝ,Μπράβο στον κύριο Μπεονα γίνει πρωθυπουργός είμαστε μαζί του.,https://www.youtube.com/watch?v=X1ev3RxDnNI,2023-11-28,English,2
ΑΜΕΤΑΝΟΗΤΟΣ Μπέος βγαίνει στον ΑΝΤ1 και τα ΞΑΝΑΧΩΝΕΙ στου πάντες χωρίς να θέλει να προσβάλει ΚΑΝΕΝΑΝ,Η προσπαθεια μετραει ,https://www.youtube.com/watch?v=X1ev3RxDnNI,2023-11-28,Greeklish,2
ΑΜΕΤΑΝΟΗΤΟΣ Μπέος βγαίνει στον ΑΝΤ1 και τα ΞΑΝΑΧΩΝΕΙ στου πάντες χωρίς να θέλει να προσβάλει ΚΑΝΕΝΑΝ,"Μπράβο στον δήμαρχο όλοι μαζί σου. Εσείς οι δημοσιογράφοι ξέρουμε τι ησαστε, οπότε εμείς οι απλοί πολίτες θέλουμε πραγματικά δημοκρατία όχι αυτή με γάντια που έχετε εσείς.",https://www.youtube.com/watch?v=X1ev3RxDnNI,2023-11-28,Other,2
ΑΜΕΤΑΝΟΗΤΟΣ Μπέος βγαίνει στον ΑΝΤ1 και τα ΞΑΝΑΧΩΝΕΙ στου πάντες χωρίς να θέλει να προσβάλει ΚΑΝΕΝΑΝ,"Και η γιαγια μου μεχρι την Γ' ταξη πηγε, αλλα ειναι ανθρωπος.",https://www.youtube.com/watch?v=X1ev3RxDnNI,2023-11-28,English,2
ΑΜΕΤΑΝΟΗΤΟΣ Μπέος βγαίνει στον ΑΝΤ1 και τα ΞΑΝΑΧΩΝΕΙ στου πάντες χωρίς να θέλει να προσβάλει ΚΑΝΕΝΑΝ,Η αλήθεια πονάει ο καθένας εκφράζεται όπως θέλει αυτό είναι δημοκρατία αν δεν κάνω λάθος η ελευθερία του λόγου και την ελεύθερης έκφρασης ,https://www.youtube.com/watch?v=X1ev3RxDnNI,2023-11-28,Other,2
ΑΜΕΤΑΝΟΗΤΟΣ Μπέος βγαίνει στον ΑΝΤ1 και τα ΞΑΝΑΧΩΝΕΙ στου πάντες χωρίς να θέλει να προσβάλει ΚΑΝΕΝΑΝ,"Στο ""να αλλοιώσω την προσωπικότητά μου"" εκτοξεύτηκα ",https://www.youtube.com/watch?v=X1ev3RxDnNI,2023-11-28,Other,2
ΑΜΕΤΑΝΟΗΤΟΣ Μπέος βγαίνει στον ΑΝΤ1 και τα ΞΑΝΑΧΩΝΕΙ στου πάντες χωρίς να θέλει να προσβάλει ΚΑΝΕΝΑΝ,Δήμαρχε είμαστε μαζί σου!! Συνέχισε να τους τα χωνεις,https://www.youtube.com/watch?v=X1ev3RxDnNI,2023-11-28,Greek,2
ΑΜΕΤΑΝΟΗΤΟΣ Μπέος βγαίνει στον ΑΝΤ1 και τα ΞΑΝΑΧΩΝΕΙ στου πάντες χωρίς να θέλει να προσβάλει ΚΑΝΕΝΑΝ,Που είσαι free citizen θέλουμε και άλλη τέτοια κομματαρα,https://www.youtube.com/watch?v=X1ev3RxDnNI,2023-11-28,Greeklish,2
ΑΜΕΤΑΝΟΗΤΟΣ Μπέος βγαίνει στον ΑΝΤ1 και τα ΞΑΝΑΧΩΝΕΙ στου πάντες χωρίς να θέλει να προσβάλει ΚΑΝΕΝΑΝ,Μονο Μπεος ,https://www.youtube.com/watch?v=X1ev3RxDnNI,2023-11-28,Other,3
ΑΜΕΤΑΝΟΗΤΟΣ Μπέος βγαίνει στον ΑΝΤ1 και τα ΞΑΝΑΧΩΝΕΙ στου πάντες χωρίς να θέλει να προσβάλει ΚΑΝΕΝΑΝ,Αν τους πούμε κίναιδος είναι καλύτερα από ότι τους είπε ο Μπέος,https://www.youtube.com/watch?v=X1ev3RxDnNI,2023-11-28,Other,4
ΑΜΕΤΑΝΟΗΤΟΣ Μπέος βγαίνει στον ΑΝΤ1 και τα ΞΑΝΑΧΩΝΕΙ στου πάντες χωρίς να θέλει να προσβάλει ΚΑΝΕΝΑΝ,"Δυστυχώς στην Ελλάδα το επίπεδο των ψηφοφόρων είναι πολύ χαμηλό, προσθέστε και αυτούς που χρηματίζονται ή εχουν κάποιο συμφέρον, προσθέστε και αυτούς που αντιδρούν απέχοντας ή επιλέγοντας κάποια ακραία επιλογή, και τότε θα καταλάβετε ότι το λογικό και με αίσθημα δικαίου κομμάτι των ψηφοφόρων που απομένει είναι η μειοψηφία και δεν καθορίζει το αποτέλεσμα.",https://www.youtube.com/watch?v=X1ev3RxDnNI,2023-11-28,Other,3
ΑΜΕΤΑΝΟΗΤΟΣ Μπέος βγαίνει στον ΑΝΤ1 και τα ΞΑΝΑΧΩΝΕΙ στου πάντες χωρίς να θέλει να προσβάλει ΚΑΝΕΝΑΝ,Μπράβο Μπέο εκφράζεις όλους τους Έλληνες.Μονο κ μόνο που όλα τα κανάλια το εχουν πρώτο θέμα κ υποστηρίζουν τον Κασσελάκη καταλαβαίνεις τη μας πασάρουν τα κανάλια,https://www.youtube.com/watch?v=X1ev3RxDnNI,2023-11-28,Other,2
ΑΜΕΤΑΝΟΗΤΟΣ Μπέος βγαίνει στον ΑΝΤ1 και τα ΞΑΝΑΧΩΝΕΙ στου πάντες χωρίς να θέλει να προσβάλει ΚΑΝΕΝΑΝ,Όλα για την τηλεθέαση..,https://www.youtube.com/watch?v=X1ev3RxDnNI,2023-11-28,Greek,3
ΑΜΕΤΑΝΟΗΤΟΣ Μπέος βγαίνει στον ΑΝΤ1 και τα ΞΑΝΑΧΩΝΕΙ στου πάντες χωρίς να θέλει να προσβάλει ΚΑΝΕΝΑΝ,Μπραβο ΔΉΜΑΡΧΕ μαζί σου!!!!!!,https://www.youtube.com/watch?v=X1ev3RxDnNI,2023-11-28,English,2
ΑΜΕΤΑΝΟΗΤΟΣ Μπέος βγαίνει στον ΑΝΤ1 και τα ΞΑΝΑΧΩΝΕΙ στου πάντες χωρίς να θέλει να προσβάλει ΚΑΝΕΝΑΝ,Μπεο είσαι μεγάλος πολύ σωστά τα λες κ μακάρι να σε είχαμε κ πρωθυπουργό,https://www.youtube.com/watch?v=X1ev3RxDnNI,2023-11-28,Other,2
ΑΜΕΤΑΝΟΗΤΟΣ Μπέος βγαίνει στον ΑΝΤ1 και τα ΞΑΝΑΧΩΝΕΙ στου πάντες χωρίς να θέλει να προσβάλει ΚΑΝΕΝΑΝ,Γίγαντας! Χαχαχαχαχα,https://www.youtube.com/watch?v=X1ev3RxDnNI,2023-11-28,Other,3
ΑΜΕΤΑΝΟΗΤΟΣ Μπέος βγαίνει στον ΑΝΤ1 και τα ΞΑΝΑΧΩΝΕΙ στου πάντες χωρίς να θέλει να προσβάλει ΚΑΝΕΝΑΝ,Χιλια μπραβο στον ΜΠΕΟ,https://www.youtube.com/watch?v=X1ev3RxDnNI,2023-11-28,Greek,2
ΑΜΕΤΑΝΟΗΤΟΣ Μπέος βγαίνει στον ΑΝΤ1 και τα ΞΑΝΑΧΩΝΕΙ στου πάντες χωρίς να θέλει να προσβάλει ΚΑΝΕΝΑΝ,Mπεος θεός ,https://www.youtube.com/watch?v=X1ev3RxDnNI,2023-11-28,Greeklish,2
ΑΜΕΤΑΝΟΗΤΟΣ Μπέος βγαίνει στον ΑΝΤ1 και τα ΞΑΝΑΧΩΝΕΙ στου πάντες χωρίς να θέλει να προσβάλει ΚΑΝΕΝΑΝ,Πάει ο Μπεος έμπλεξε με τα στρακιαπου δεν γλιτώνεις...,https://www.youtube.com/watch?v=X1ev3RxDnNI,2023-11-28,Other,4
ΑΜΕΤΑΝΟΗΤΟΣ Μπέος βγαίνει στον ΑΝΤ1 και τα ΞΑΝΑΧΩΝΕΙ στου πάντες χωρίς να θέλει να προσβάλει ΚΑΝΕΝΑΝ,Μπράβο Νίκο Μπογιόπουλε ,https://www.youtube.com/watch?v=X1ev3RxDnNI,2023-11-28,Greeklish,2
ΑΜΕΤΑΝΟΗΤΟΣ Μπέος βγαίνει στον ΑΝΤ1 και τα ΞΑΝΑΧΩΝΕΙ στου πάντες χωρίς να θέλει να προσβάλει ΚΑΝΕΝΑΝ,Κάθε πόλη έχει τον δήμαρχο που τις αξίζει,https://www.youtube.com/watch?v=X1ev3RxDnNI,2023-11-28,English,3
ΑΜΕΤΑΝΟΗΤΟΣ Μπέος βγαίνει στον ΑΝΤ1 και τα ΞΑΝΑΧΩΝΕΙ στου πάντες χωρίς να θέλει να προσβάλει ΚΑΝΕΝΑΝ,ΔΩΩΩΩΣΕ ΣΤΗ ΠΕΡΙΓΑΦΗ ΤΟ PSYCHEDELIC ΚΟΜΑΤΙ!!,https://www.youtube.com/watch?v=X1ev3RxDnNI,2023-11-28,Greek,3
ΑΜΕΤΑΝΟΗΤΟΣ Μπέος βγαίνει στον ΑΝΤ1 και τα ΞΑΝΑΧΩΝΕΙ στου πάντες χωρίς να θέλει να προσβάλει ΚΑΝΕΝΑΝ,"Εδω άνθρωποι που έχουνε τελειώσει το λύκειο η το πανεπιστήμιο και ειναι ανορθόγραφοι, σας πειράζει που είναι απόφοιτος δημοτικού?",https://www.youtube.com/watch?v=X1ev3RxDnNI,2023-11-28,Other,3
ΑΜΕΤΑΝΟΗΤΟΣ Μπέος βγαίνει στον ΑΝΤ1 και τα ΞΑΝΑΧΩΝΕΙ στου πάντες χωρίς να θέλει να προσβάλει ΚΑΝΕΝΑΝ,Μια χαρά τα λέει ο Μπέος.,https://www.youtube.com/watch?v=X1ev3RxDnNI,2023-11-28,Other,2
ΑΜΕΤΑΝΟΗΤΟΣ Μπέος βγαίνει στον ΑΝΤ1 και τα ΞΑΝΑΧΩΝΕΙ στου πάντες χωρίς να θέλει να προσβάλει ΚΑΝΕΝΑΝ,"Δεν είπε κάτι εξωφρενικό. Ελλάδα είμαστε με ορθόδοξες Χριστιανικές αξίες, όχι Αμερική. Για όσους λένε ότι γιαυτό έχουμε μείνει πίσω σαν χώρα, βλέπε Ρουμανία που τηρούνται σε πολύ μεγαλύτερο βαθμό οι παραδόσεις και οι άνθρωποι έχουν πιο συντηρητική νοοτροπία σε σχέση με την Ελλάδα και πάλι είναι πιο μπροστά από εμάς γενικά σαν κοινωνία και οικονομία.",https://www.youtube.com/watch?v=X1ev3RxDnNI,2023-11-28,English,3
ΑΜΕΤΑΝΟΗΤΟΣ Μπέος βγαίνει στον ΑΝΤ1 και τα ΞΑΝΑΧΩΝΕΙ στου πάντες χωρίς να θέλει να προσβάλει ΚΑΝΕΝΑΝ,Pou to vrikane afto to frouto,https://www.youtube.com/watch?v=X1ev3RxDnNI,2023-11-28,English,3
ΑΜΕΤΑΝΟΗΤΟΣ Μπέος βγαίνει στον ΑΝΤ1 και τα ΞΑΝΑΧΩΝΕΙ στου πάντες χωρίς να θέλει να προσβάλει ΚΑΝΕΝΑΝ,Ρε παιδιά το κομμάτι στο τέλος πιο είναι; ️,https://www.youtube.com/watch?v=X1ev3RxDnNI,2023-11-28,Greek,3
ΑΜΕΤΑΝΟΗΤΟΣ Μπέος βγαίνει στον ΑΝΤ1 και τα ΞΑΝΑΧΩΝΕΙ στου πάντες χωρίς να θέλει να προσβάλει ΚΑΝΕΝΑΝ,Ο μικρός Λένιν βρήκε το μάστορα του...,https://www.youtube.com/watch?v=X1ev3RxDnNI,2023-11-28,Greeklish,4
ΑΜΕΤΑΝΟΗΤΟΣ Μπέος βγαίνει στον ΑΝΤ1 και τα ΞΑΝΑΧΩΝΕΙ στου πάντες χωρίς να θέλει να προσβάλει ΚΑΝΕΝΑΝ,Ο λαος του Βόλου μίλησε....τι άλλο θέλετε.?,https://www.youtube.com/watch?v=X1ev3RxDnNI,2023-11-28,Greeklish,3
ΑΜΕΤΑΝΟΗΤΟΣ Μπέος βγαίνει στον ΑΝΤ1 και τα ΞΑΝΑΧΩΝΕΙ στου πάντες χωρίς να θέλει να προσβάλει ΚΑΝΕΝΑΝ,"Δείτε το σε ταχύτητα 0.50
Thank me later",https://www.youtube.com/watch?v=X1ev3RxDnNI,2023-11-28,Greek,2
ΑΜΕΤΑΝΟΗΤΟΣ Μπέος βγαίνει στον ΑΝΤ1 και τα ΞΑΝΑΧΩΝΕΙ στου πάντες χωρίς να θέλει να προσβάλει ΚΑΝΕΝΑΝ,Μπεος.oh yes I'm voting for him...,https://www.youtube.com/watch?v=X1ev3RxDnNI,2023-11-28,English,2
ΑΜΕΤΑΝΟΗΤΟΣ Μπέος βγαίνει στον ΑΝΤ1 και τα ΞΑΝΑΧΩΝΕΙ στου πάντες χωρίς να θέλει να προσβάλει ΚΑΝΕΝΑΝ,Να αλλοιώσω την προσωπικότητα μου ...,https://www.youtube.com/watch?v=X1ev3RxDnNI,2023-11-28,Other,4
ΑΜΕΤΑΝΟΗΤΟΣ Μπέος βγαίνει στον ΑΝΤ1 και τα ΞΑΝΑΧΩΝΕΙ στου πάντες χωρίς να θέλει να προσβάλει ΚΑΝΕΝΑΝ,2:30 η μεγαλύτερη αλήθεια της ημέρας ,https://www.youtube.com/watch?v=X1ev3RxDnNI,2023-11-28,English,2
ΑΜΕΤΑΝΟΗΤΟΣ Μπέος βγαίνει στον ΑΝΤ1 και τα ΞΑΝΑΧΩΝΕΙ στου πάντες χωρίς να θέλει να προσβάλει ΚΑΝΕΝΑΝ,"Για τον Μπέο η φάση όλη, αλλά ο Μπέος έχει κ ένα δίκιο..",https://www.youtube.com/watch?v=X1ev3RxDnNI,2023-11-28,Other,3
ΑΜΕΤΑΝΟΗΤΟΣ Μπέος βγαίνει στον ΑΝΤ1 και τα ΞΑΝΑΧΩΝΕΙ στου πάντες χωρίς να θέλει να προσβάλει ΚΑΝΕΝΑΝ,Δώσε λίγο psytrance γουστάρουμεεεεεεε ooooohh nama shiva️️,https://www.youtube.com/watch?v=X1ev3RxDnNI,2023-11-28,English,2
ΑΜΕΤΑΝΟΗΤΟΣ Μπέος βγαίνει στον ΑΝΤ1 και τα ΞΑΝΑΧΩΝΕΙ στου πάντες χωρίς να θέλει να προσβάλει ΚΑΝΕΝΑΝ,Πεστα άρχοντα μπεο......,https://www.youtube.com/watch?v=X1ev3RxDnNI,2023-11-28,Greeklish,4
ΑΜΕΤΑΝΟΗΤΟΣ Μπέος βγαίνει στον ΑΝΤ1 και τα ΞΑΝΑΧΩΝΕΙ στου πάντες χωρίς να θέλει να προσβάλει ΚΑΝΕΝΑΝ,Χωσε!!!,https://www.youtube.com/watch?v=X1ev3RxDnNI,2023-11-28,Other,4
ΑΜΕΤΑΝΟΗΤΟΣ Μπέος βγαίνει στον ΑΝΤ1 και τα ΞΑΝΑΧΩΝΕΙ στου πάντες χωρίς να θέλει να προσβάλει ΚΑΝΕΝΑΝ,Έχουμε εντύπωση οι περισσότεροι πανεπιστημιακή μιλάμε διαφορετικά; Γι’ αυτό βγάλουμε τέτοια χώρα μας γιατί ο λαός είναι τέτοιο μην κρυβόμαστε πίσω απ’το δαχτυλάκι μας,https://www.youtube.com/watch?v=X1ev3RxDnNI,2023-11-28,English,4
ΑΜΕΤΑΝΟΗΤΟΣ Μπέος βγαίνει στον ΑΝΤ1 και τα ΞΑΝΑΧΩΝΕΙ στου πάντες χωρίς να θέλει να προσβάλει ΚΑΝΕΝΑΝ,ΜΠΡΑΒΟ ΡΕ ΜΠΕΟ ΑΛΑΝΙ . ΕΙΠΕΣ ΤΗΝ ΑΛΗΘΕΙΑ,https://www.youtube.com/watch?v=X1ev3RxDnNI,2023-11-28,Other,2
ΑΜΕΤΑΝΟΗΤΟΣ Μπέος βγαίνει στον ΑΝΤ1 και τα ΞΑΝΑΧΩΝΕΙ στου πάντες χωρίς να θέλει να προσβάλει ΚΑΝΕΝΑΝ,"Ενταξει,αληθειες ειπε ο άνθρωπος. Τι κακο ειπε ?",https://www.youtube.com/watch?v=X1ev3RxDnNI,2023-11-28,English,2
ΑΜΕΤΑΝΟΗΤΟΣ Μπέος βγαίνει στον ΑΝΤ1 και τα ΞΑΝΑΧΩΝΕΙ στου πάντες χωρίς να θέλει να προσβάλει ΚΑΝΕΝΑΝ,Κολοκύθια με τη ρίγανη...,https://www.youtube.com/watch?v=X1ev3RxDnNI,2023-11-28,English,3
ΑΜΕΤΑΝΟΗΤΟΣ Μπέος βγαίνει στον ΑΝΤ1 και τα ΞΑΝΑΧΩΝΕΙ στου πάντες χωρίς να θέλει να προσβάλει ΚΑΝΕΝΑΝ,Έχεις δυνατά την μουσική και κατάντησε ενοχλητική.,https://www.youtube.com/watch?v=X1ev3RxDnNI,2023-11-28,English,3
ΑΜΕΤΑΝΟΗΤΟΣ Μπέος βγαίνει στον ΑΝΤ1 και τα ΞΑΝΑΧΩΝΕΙ στου πάντες χωρίς να θέλει να προσβάλει ΚΑΝΕΝΑΝ,Δεν τον πάω καθόλου αλλά γιατί τον προτιμώ από τους υπόλοιπους υποκριτές;,https://www.youtube.com/watch?v=X1ev3RxDnNI,2023-11-28,Greek,4
ΑΜΕΤΑΝΟΗΤΟΣ Μπέος βγαίνει στον ΑΝΤ1 και τα ΞΑΝΑΧΩΝΕΙ στου πάντες χωρίς να θέλει να προσβάλει ΚΑΝΕΝΑΝ,Μπράβο στον Μπεο !!,https://www.youtube.com/watch?v=X1ev3RxDnNI,2023-11-28,Greeklish,2
ΑΜΕΤΑΝΟΗΤΟΣ Μπέος βγαίνει στον ΑΝΤ1 και τα ΞΑΝΑΧΩΝΕΙ στου πάντες χωρίς να θέλει να προσβάλει ΚΑΝΕΝΑΝ,Χαχαχα μου ειπανε οτι τον ψαχνουν απο την ιαπωνια ....(γιακουζα μυριζει),https://www.youtube.com/watch?v=X1ev3RxDnNI,2023-11-28,Greeklish,4
ΑΜΕΤΑΝΟΗΤΟΣ Μπέος βγαίνει στον ΑΝΤ1 και τα ΞΑΝΑΧΩΝΕΙ στου πάντες χωρίς να θέλει να προσβάλει ΚΑΝΕΝΑΝ,Αρε καθικι χατζηνικολαου,https://www.youtube.com/watch?v=X1ev3RxDnNI,2023-11-28,Other,4
ΑΜΕΤΑΝΟΗΤΟΣ Μπέος βγαίνει στον ΑΝΤ1 και τα ΞΑΝΑΧΩΝΕΙ στου πάντες χωρίς να θέλει να προσβάλει ΚΑΝΕΝΑΝ,Pes ta Pes ta Mpeo Me ts Poustarades pou mazeftikan Edw ,https://www.youtube.com/watch?v=X1ev3RxDnNI,2023-11-28,Greeklish,4
ΑΜΕΤΑΝΟΗΤΟΣ Μπέος βγαίνει στον ΑΝΤ1 και τα ΞΑΝΑΧΩΝΕΙ στου πάντες χωρίς να θέλει να προσβάλει ΚΑΝΕΝΑΝ,Το beat που παίζει από πίσω από το βίντεο γιατί το έχετε βάλει;;;; τί σόι μόδα είναι αυτή;;; αλλοιώνει το περιεχόμενο του βίντεο!!!,https://www.youtube.com/watch?v=X1ev3RxDnNI,2023-11-28,English,4
ΑΜΕΤΑΝΟΗΤΟΣ Μπέος βγαίνει στον ΑΝΤ1 και τα ΞΑΝΑΧΩΝΕΙ στου πάντες χωρίς να θέλει να προσβάλει ΚΑΝΕΝΑΝ,τελειόφοιτος τελικά ή απόφοιτος;,https://www.youtube.com/watch?v=X1ev3RxDnNI,2023-11-28,Greek,3
ΑΜΕΤΑΝΟΗΤΟΣ Μπέος βγαίνει στον ΑΝΤ1 και τα ΞΑΝΑΧΩΝΕΙ στου πάντες χωρίς να θέλει να προσβάλει ΚΑΝΕΝΑΝ,Ας πάει ο Μπογιόπουλος να πάρει 57% Στο Βόλο και να διοικήσει καλύτερα. ΜΠΟΡΕΙ ????,https://www.youtube.com/watch?v=X1ev3RxDnNI,2023-11-28,Other,4
ΑΜΕΤΑΝΟΗΤΟΣ Μπέος βγαίνει στον ΑΝΤ1 και τα ΞΑΝΑΧΩΝΕΙ στου πάντες χωρίς να θέλει να προσβάλει ΚΑΝΕΝΑΝ,Ο μπεος αληθριες ειπε αλλα ο ι με κομψο τροπο και θιχτηκαν οι κοπελιες,https://www.youtube.com/watch?v=X1ev3RxDnNI,2023-11-28,English,2
ΑΜΕΤΑΝΟΗΤΟΣ Μπέος βγαίνει στον ΑΝΤ1 και τα ΞΑΝΑΧΩΝΕΙ στου πάντες χωρίς να θέλει να προσβάλει ΚΑΝΕΝΑΝ,"Αυτός είναι ο Μπέος που γουστάρω, όχι αυτός που κάνεις επιδείξεις στον δρόμο και στις λάσπες.",https://www.youtube.com/watch?v=X1ev3RxDnNI,2023-11-28,Other,3
ΑΜΕΤΑΝΟΗΤΟΣ Μπέος βγαίνει στον ΑΝΤ1 και τα ΞΑΝΑΧΩΝΕΙ στου πάντες χωρίς να θέλει να προσβάλει ΚΑΝΕΝΑΝ,Πως στον π βγήκε αυτός δήμαρχος;;,https://www.youtube.com/watch?v=X1ev3RxDnNI,2023-11-28,English,3
ΑΜΕΤΑΝΟΗΤΟΣ Μπέος βγαίνει στον ΑΝΤ1 και τα ΞΑΝΑΧΩΝΕΙ στου πάντες χωρίς να θέλει να προσβάλει ΚΑΝΕΝΑΝ,Μπεαρος!,https://www.youtube.com/watch?v=X1ev3RxDnNI,2023-11-28,Greeklish,4
ΑΜΕΤΑΝΟΗΤΟΣ Μπέος βγαίνει στον ΑΝΤ1 και τα ΞΑΝΑΧΩΝΕΙ στου πάντες χωρίς να θέλει να προσβάλει ΚΑΝΕΝΑΝ,Ο Μπέος είναι μεγάλη λέρα και το γνωρίζουμε όλοι. Του αναγνωρίζω όμως ότι είναι πανέξυπνος. Αυτό που είπε εχτές το είπε εν γνώση για να γίνει ντόρος και τα κατάφερε. Είπε κάτι που η μεγάλη πλειοψηφία των Ελλήνων λέει καθημερινά. Μας πρήξατε με τον Κασσελάκη και το lifestyle του. Δεν είναι αυτό προοδευτισμός.,https://www.youtube.com/watch?v=X1ev3RxDnNI,2023-11-28,Other,2
ΑΜΕΤΑΝΟΗΤΟΣ Μπέος βγαίνει στον ΑΝΤ1 και τα ΞΑΝΑΧΩΝΕΙ στου πάντες χωρίς να θέλει να προσβάλει ΚΑΝΕΝΑΝ,Τι ναρκωτικά παίρνουν όλοι αυτοί?,https://www.youtube.com/watch?v=X1ev3RxDnNI,2023-11-28,Other,4
ΑΜΕΤΑΝΟΗΤΟΣ Μπέος βγαίνει στον ΑΝΤ1 και τα ΞΑΝΑΧΩΝΕΙ στου πάντες χωρίς να θέλει να προσβάλει ΚΑΝΕΝΑΝ,Mpravo sou kirie mpeo hosta stous eleinous dimosiografous tous xeftiles,https://www.youtube.com/watch?v=X1ev3RxDnNI,2023-11-28,English,4
ΑΜΕΤΑΝΟΗΤΟΣ Μπέος βγαίνει στον ΑΝΤ1 και τα ΞΑΝΑΧΩΝΕΙ στου πάντες χωρίς να θέλει να προσβάλει ΚΑΝΕΝΑΝ,Όλοι μαζί IQ 1,https://www.youtube.com/watch?v=X1ev3RxDnNI,2023-11-28,Other,4
ΑΜΕΤΑΝΟΗΤΟΣ Μπέος βγαίνει στον ΑΝΤ1 και τα ΞΑΝΑΧΩΝΕΙ στου πάντες χωρίς να θέλει να προσβάλει ΚΑΝΕΝΑΝ,1:57...Από Buki Chi Ιαπωνίας...;,https://www.youtube.com/watch?v=X1ev3RxDnNI,2023-11-28,Other,4
ΑΜΕΤΑΝΟΗΤΟΣ Μπέος βγαίνει στον ΑΝΤ1 και τα ΞΑΝΑΧΩΝΕΙ στου πάντες χωρίς να θέλει να προσβάλει ΚΑΝΕΝΑΝ,Μόνο ΠΕΛΛΕΤΙΔΗΣ,https://www.youtube.com/watch?v=X1ev3RxDnNI,2023-11-28,English,3
ΑΜΕΤΑΝΟΗΤΟΣ Μπέος βγαίνει στον ΑΝΤ1 και τα ΞΑΝΑΧΩΝΕΙ στου πάντες χωρίς να θέλει να προσβάλει ΚΑΝΕΝΑΝ,"ΚΑΛΗΣΠΈΡΑ 
Ή γλώσσα του σώματος,αλλά και του στόματος ,δείχνουν δυστυχώς πώς δεν υπάρχει επαφή με την πραγματικότητα...",https://www.youtube.com/watch?v=X1ev3RxDnNI,2023-11-28,Greek,3
ΑΜΕΤΑΝΟΗΤΟΣ Μπέος βγαίνει στον ΑΝΤ1 και τα ΞΑΝΑΧΩΝΕΙ στου πάντες χωρίς να θέλει να προσβάλει ΚΑΝΕΝΑΝ,Χαιρετισματα απο μπουκιτσι ιαπωνιας,https://www.youtube.com/watch?v=X1ev3RxDnNI,2023-11-28,Other,4
ΑΜΕΤΑΝΟΗΤΟΣ Μπέος βγαίνει στον ΑΝΤ1 και τα ΞΑΝΑΧΩΝΕΙ στου πάντες χωρίς να θέλει να προσβάλει ΚΑΝΕΝΑΝ,Τι δουλεια κανεις εσυ λεει,https://www.youtube.com/watch?v=X1ev3RxDnNI,2023-11-28,English,3
ΑΜΕΤΑΝΟΗΤΟΣ Μπέος βγαίνει στον ΑΝΤ1 και τα ΞΑΝΑΧΩΝΕΙ στου πάντες χωρίς να θέλει να προσβάλει ΚΑΝΕΝΑΝ,"Με την ιδια λογικη οποιος λεει την αποψη του να πηγαινει στην δικαιωσυνη επειδη προσβαλονται
Καποιον μπορει να τον προσβαλει η αποψη του Κασσελακη 
Στη δημοκρατια ο καθενας λεει την αποψη του 
Αλλιως δεν εχουμε δημοκρατια 
Eτσι δεν ειναι ? 
Με αγαπη σε ολη τη κοινοτητα των lgbddasda",https://www.youtube.com/watch?v=X1ev3RxDnNI,2023-11-28,English,4
ΑΜΕΤΑΝΟΗΤΟΣ Μπέος βγαίνει στον ΑΝΤ1 και τα ΞΑΝΑΧΩΝΕΙ στου πάντες χωρίς να θέλει να προσβάλει ΚΑΝΕΝΑΝ,"oso esy Koblexikos........ade kane therapia kai ase pioi einai noumera kai pioi oxi..............sad , so sad.",https://www.youtube.com/watch?v=X1ev3RxDnNI,2023-11-28,Greeklish,4
ΑΜΕΤΑΝΟΗΤΟΣ Μπέος βγαίνει στον ΑΝΤ1 και τα ΞΑΝΑΧΩΝΕΙ στου πάντες χωρίς να θέλει να προσβάλει ΚΑΝΕΝΑΝ,"Αρχαία Ελληνικά, τι δεν καταλαβαίνεις κ Χατζηνικολάου;",https://www.youtube.com/watch?v=X1ev3RxDnNI,2023-11-28,Other,3
ΑΜΕΤΑΝΟΗΤΟΣ Μπέος βγαίνει στον ΑΝΤ1 και τα ΞΑΝΑΧΩΝΕΙ στου πάντες χωρίς να θέλει να προσβάλει ΚΑΝΕΝΑΝ,μπραβο μπεο αληθειες ειπες και ενοχλουνται οι αδερφες,https://www.youtube.com/watch?v=X1ev3RxDnNI,2023-11-28,Greeklish,4
ΑΜΕΤΑΝΟΗΤΟΣ Μπέος βγαίνει στον ΑΝΤ1 και τα ΞΑΝΑΧΩΝΕΙ στου πάντες χωρίς να θέλει να προσβάλει ΚΑΝΕΝΑΝ,ΥΠΟΚΟΣΜΟΣ....,https://www.youtube.com/watch?v=X1ev3RxDnNI,2023-11-28,Greek,4
ΑΜΕΤΑΝΟΗΤΟΣ Μπέος βγαίνει στον ΑΝΤ1 και τα ΞΑΝΑΧΩΝΕΙ στου πάντες χωρίς να θέλει να προσβάλει ΚΑΝΕΝΑΝ,Γεννηθηκα σε λαθος χωρα!!!!,https://www.youtube.com/watch?v=X1ev3RxDnNI,2023-11-28,Other,4
ΑΜΕΤΑΝΟΗΤΟΣ Μπέος βγαίνει στον ΑΝΤ1 και τα ΞΑΝΑΧΩΝΕΙ στου πάντες χωρίς να θέλει να προσβάλει ΚΑΝΕΝΑΝ,"ΜΠΕΟ ΜΙΛΗΣΕΣ  ΓΙΑ ΚΑΠΟΙΟΝ ΠΟΥ ΔΕΝ ΗΤΑΝ  ΕΚΕΙ ....ΑΥΤΟΣ Ο ΚΑΠΟΙΟΣ  ΝΑ ΜΑΘΕΙ ΤΑ ΠΑΡΑΚΑΤΩ....1ον , παρενθετη μπορει μονο απο  γυναικα που  δεν μπορει...2ον η παρενθετη πρεπει να 'χει συγκεκριμενη ηλικια 3ον αν  σου κατσει  1 κοριτσι κ'  1  αγορι θελεις 2 παρενθετες  4ον παγκοσμιως δεν αποκτας απο μια παρενθετη υιοθεσια  παρα μονο αν το δικαστηριο κρινει οτι εχεις τη δυναμη να τ' αναθρεψεις με την ιδιοτητα του ....πατερα (νομος 1458)",https://www.youtube.com/watch?v=X1ev3RxDnNI,2023-11-28,English,4
ΑΜΕΤΑΝΟΗΤΟΣ Μπέος βγαίνει στον ΑΝΤ1 και τα ΞΑΝΑΧΩΝΕΙ στου πάντες χωρίς να θέλει να προσβάλει ΚΑΝΕΝΑΝ,Marxism ️️‍️‍️,https://www.youtube.com/watch?v=X1ev3RxDnNI,2023-11-28,English,4
ΑΜΕΤΑΝΟΗΤΟΣ Μπέος βγαίνει στον ΑΝΤ1 και τα ΞΑΝΑΧΩΝΕΙ στου πάντες χωρίς να θέλει να προσβάλει ΚΑΝΕΝΑΝ,Τέτοια θέλετε,https://www.youtube.com/watch?v=X1ev3RxDnNI,2023-11-28,Greeklish,4
ΑΜΕΤΑΝΟΗΤΟΣ Μπέος βγαίνει στον ΑΝΤ1 και τα ΞΑΝΑΧΩΝΕΙ στου πάντες χωρίς να θέλει να προσβάλει ΚΑΝΕΝΑΝ,Σας γλέντησε άσχημα ο μπεος,https://www.youtube.com/watch?v=X1ev3RxDnNI,2023-11-28,English,3
ΑΜΕΤΑΝΟΗΤΟΣ Μπέος βγαίνει στον ΑΝΤ1 και τα ΞΑΝΑΧΩΝΕΙ στου πάντες χωρίς να θέλει να προσβάλει ΚΑΝΕΝΑΝ,Μπεος σωστός άξιος και για πρωθυπουργός,https://www.youtube.com/watch?v=X1ev3RxDnNI,2023-11-28,Other,2
ΑΜΕΤΑΝΟΗΤΟΣ Μπέος βγαίνει στον ΑΝΤ1 και τα ΞΑΝΑΧΩΝΕΙ στου πάντες χωρίς να θέλει να προσβάλει ΚΑΝΕΝΑΝ,Τελειόφοιτος Δημοτικού ! Ούτε καν απόφοιτος... Φέτος προβιβάστηκε στην 6η ?,https://www.youtube.com/watch?v=X1ev3RxDnNI,2023-11-28,Greek,4
ΑΜΕΤΑΝΟΗΤΟΣ Μπέος βγαίνει στον ΑΝΤ1 και τα ΞΑΝΑΧΩΝΕΙ στου πάντες χωρίς να θέλει να προσβάλει ΚΑΝΕΝΑΝ,Παλικάρι ,https://www.youtube.com/watch?v=X1ev3RxDnNI,2023-11-28,English,3
ΑΜΕΤΑΝΟΗΤΟΣ Μπέος βγαίνει στον ΑΝΤ1 και τα ΞΑΝΑΧΩΝΕΙ στου πάντες χωρίς να θέλει να προσβάλει ΚΑΝΕΝΑΝ,"Πρωτη φορα συμφωνώ μαζι του, απλα δεν το έθεσε κομψά.",https://www.youtube.com/watch?v=X1ev3RxDnNI,2023-11-28,English,4
ΑΜΕΤΑΝΟΗΤΟΣ Μπέος βγαίνει στον ΑΝΤ1 και τα ΞΑΝΑΧΩΝΕΙ στου πάντες χωρίς να θέλει να προσβάλει ΚΑΝΕΝΑΝ,"Ειπώθηκε η αλήθεια και πάθατε όλες σοκ.
Και οι τρελοί λένε την αλήθεια κάποιες φορές . Σα το σπασμένο ρολόι",https://www.youtube.com/watch?v=X1ev3RxDnNI,2023-11-28,Other,4
ΑΜΕΤΑΝΟΗΤΟΣ Μπέος βγαίνει στον ΑΝΤ1 και τα ΞΑΝΑΧΩΝΕΙ στου πάντες χωρίς να θέλει να προσβάλει ΚΑΝΕΝΑΝ,"Οι αντιλήψεις του έχουν παγώσει σε αυτές που είχε όταν τελείωσε το δημοτικό, καμία εξέλιξη.",https://www.youtube.com/watch?v=X1ev3RxDnNI,2023-11-28,Other,4
ΑΜΕΤΑΝΟΗΤΟΣ Μπέος βγαίνει στον ΑΝΤ1 και τα ΞΑΝΑΧΩΝΕΙ στου πάντες χωρίς να θέλει να προσβάλει ΚΑΝΕΝΑΝ,Teliofitos dimotikou kai einai dimarxos,https://www.youtube.com/watch?v=X1ev3RxDnNI,2023-11-28,Other,4
ΑΜΕΤΑΝΟΗΤΟΣ Μπέος βγαίνει στον ΑΝΤ1 και τα ΞΑΝΑΧΩΝΕΙ στου πάντες χωρίς να θέλει να προσβάλει ΚΑΝΕΝΑΝ,"Παρεξηγηθηκαν ολες οι λουλουδιαρες,δικαστικες και μη,μα ποσο φουστικο ειναι το συστημα,γεματο.",https://www.youtube.com/watch?v=X1ev3RxDnNI,2023-11-28,Greeklish,4
ΑΜΕΤΑΝΟΗΤΟΣ Μπέος βγαίνει στον ΑΝΤ1 και τα ΞΑΝΑΧΩΝΕΙ στου πάντες χωρίς να θέλει να προσβάλει ΚΑΝΕΝΑΝ,Μπραβο Μπέο,https://www.youtube.com/watch?v=X1ev3RxDnNI,2023-11-28,Greeklish,4
ΑΜΕΤΑΝΟΗΤΟΣ Μπέος βγαίνει στον ΑΝΤ1 και τα ΞΑΝΑΧΩΝΕΙ στου πάντες χωρίς να θέλει να προσβάλει ΚΑΝΕΝΑΝ,Να τον χαίρονται,https://www.youtube.com/watch?v=X1ev3RxDnNI,2023-11-28,Other,3
ΑΜΕΤΑΝΟΗΤΟΣ Μπέος βγαίνει στον ΑΝΤ1 και τα ΞΑΝΑΧΩΝΕΙ στου πάντες χωρίς να θέλει να προσβάλει ΚΑΝΕΝΑΝ,Ρουκέτες Αχιλλέα!!!!,https://www.youtube.com/watch?v=X1ev3RxDnNI,2023-11-28,Greeklish,4
ΑΜΕΤΑΝΟΗΤΟΣ Μπέος βγαίνει στον ΑΝΤ1 και τα ΞΑΝΑΧΩΝΕΙ στου πάντες χωρίς να θέλει να προσβάλει ΚΑΝΕΝΑΝ,Η αλλη η προϊσταμένη θίχτηκε... διότι ειναι και αυτός τέτοιος . Αλάνι Μπεο δώσε πόνο στα κανάλια ,https://www.youtube.com/watch?v=X1ev3RxDnNI,2023-11-28,Other,4
ΑΜΕΤΑΝΟΗΤΟΣ Μπέος βγαίνει στον ΑΝΤ1 και τα ΞΑΝΑΧΩΝΕΙ στου πάντες χωρίς να θέλει να προσβάλει ΚΑΝΕΝΑΝ,Έμαθε και ο Μπογιόπουλος τη λέξη Λούμπεν και την επαναλαμβάνει συνεχώς,https://www.youtube.com/watch?v=X1ev3RxDnNI,2023-11-28,English,3
ΑΜΕΤΑΝΟΗΤΟΣ Μπέος βγαίνει στον ΑΝΤ1 και τα ΞΑΝΑΧΩΝΕΙ στου πάντες χωρίς να θέλει να προσβάλει ΚΑΝΕΝΑΝ,Τέτοιους πολιτικούς θέλουμε...,https://www.youtube.com/watch?v=X1ev3RxDnNI,2023-11-28,Greeklish,4
ΑΜΕΤΑΝΟΗΤΟΣ Μπέος βγαίνει στον ΑΝΤ1 και τα ΞΑΝΑΧΩΝΕΙ στου πάντες χωρίς να θέλει να προσβάλει ΚΑΝΕΝΑΝ,Δημαρχε εση κε το Ιζραελ εχετε δηκεο αφτεσ τησ μερεσ,https://www.youtube.com/watch?v=X1ev3RxDnNI,2023-11-28,English,4
ΑΜΕΤΑΝΟΗΤΟΣ Μπέος βγαίνει στον ΑΝΤ1 και τα ΞΑΝΑΧΩΝΕΙ στου πάντες χωρίς να θέλει να προσβάλει ΚΑΝΕΝΑΝ,Μπραβο στον μπεο τα λεει οπως πρεπει πανε να περασουν φυσιολογικα τα μη φυσιολογικα,https://www.youtube.com/watch?v=X1ev3RxDnNI,2023-11-28,Other,4
ΑΜΕΤΑΝΟΗΤΟΣ Μπέος βγαίνει στον ΑΝΤ1 και τα ΞΑΝΑΧΩΝΕΙ στου πάντες χωρίς να θέλει να προσβάλει ΚΑΝΕΝΑΝ,"Αν τα έλεγε χωρίς να βρίζει, θα είχε περισσότερον δίκιον. Τώρα το χάνει λίγο.",https://www.youtube.com/watch?v=X1ev3RxDnNI,2023-11-28,Other,3
ΑΜΕΤΑΝΟΗΤΟΣ Μπέος βγαίνει στον ΑΝΤ1 και τα ΞΑΝΑΧΩΝΕΙ στου πάντες χωρίς να θέλει να προσβάλει ΚΑΝΕΝΑΝ,"Καλα τους τα είπε όμως, μπράβο του! ",https://www.youtube.com/watch?v=X1ev3RxDnNI,2023-11-28,Greek,2
ΑΜΕΤΑΝΟΗΤΟΣ Μπέος βγαίνει στον ΑΝΤ1 και τα ΞΑΝΑΧΩΝΕΙ στου πάντες χωρίς να θέλει να προσβάλει ΚΑΝΕΝΑΝ,Η ελευθερια έκφρασης εχει και τα ορια της οταν γινεται ρητορικη μισους,https://www.youtube.com/watch?v=X1ev3RxDnNI,2023-11-28,Other,5
ΑΜΕΤΑΝΟΗΤΟΣ Μπέος βγαίνει στον ΑΝΤ1 και τα ΞΑΝΑΧΩΝΕΙ στου πάντες χωρίς να θέλει να προσβάλει ΚΑΝΕΝΑΝ,Τετοια γλεντια μονο ο μπεος μπορει και κανει..... κριμα θα χαιρομουν αμα υπηρχε εστω ακομα ενας ομοιος του.....,https://www.youtube.com/watch?v=X1ev3RxDnNI,2023-11-28,Other,4
ΑΜΕΤΑΝΟΗΤΟΣ Μπέος βγαίνει στον ΑΝΤ1 και τα ΞΑΝΑΧΩΝΕΙ στου πάντες χωρίς να θέλει να προσβάλει ΚΑΝΕΝΑΝ,"Δημοσιαογράφος=νούμερο.
Μεγάλες αλήθειες...",https://www.youtube.com/watch?v=X1ev3RxDnNI,2023-11-28,Other,2
ΑΜΕΤΑΝΟΗΤΟΣ Μπέος βγαίνει στον ΑΝΤ1 και τα ΞΑΝΑΧΩΝΕΙ στου πάντες χωρίς να θέλει να προσβάλει ΚΑΝΕΝΑΝ,"Το ""αστείο"" ειναι οτι ουτε αυτος τοπικός αρχοντας (μη χεσω) δεν καταλαβε ποιο ηταν το πραγματικο ατοπημα του Κασσελακη.",https://www.youtube.com/watch?v=X1ev3RxDnNI,2023-11-28,Other,4
ΑΜΕΤΑΝΟΗΤΟΣ Μπέος βγαίνει στον ΑΝΤ1 και τα ΞΑΝΑΧΩΝΕΙ στου πάντες χωρίς να θέλει να προσβάλει ΚΑΝΕΝΑΝ,Παρακαλω Πολυ .,https://www.youtube.com/watch?v=X1ev3RxDnNI,2023-11-26,Greeklish,2
ΑΜΕΤΑΝΟΗΤΟΣ Μπέος βγαίνει στον ΑΝΤ1 και τα ΞΑΝΑΧΩΝΕΙ στου πάντες χωρίς να θέλει να προσβάλει ΚΑΝΕΝΑΝ,μπογιοπουλεεε,https://www.youtube.com/watch?v=X1ev3RxDnNI,2023-11-28,English,3
ΑΜΕΤΑΝΟΗΤΟΣ Μπέος βγαίνει στον ΑΝΤ1 και τα ΞΑΝΑΧΩΝΕΙ στου πάντες χωρίς να θέλει να προσβάλει ΚΑΝΕΝΑΝ,"Οσοι λενε μπράβο στον Μπέο, αξίζει λιγο να θυμηθουν τα στημενα παιχνιδια και την εγκληματικη οργανωση που έφτιαξε. 
Αλλά τέτοιοι είστε!",https://www.youtube.com/watch?v=X1ev3RxDnNI,2023-11-28,Other,5
ΑΜΕΤΑΝΟΗΤΟΣ Μπέος βγαίνει στον ΑΝΤ1 και τα ΞΑΝΑΧΩΝΕΙ στου πάντες χωρίς να θέλει να προσβάλει ΚΑΝΕΝΑΝ,Δυστυχώς σύμφωνο με τον Μπεο.! απλώς ειναι απότομος και δεν έχει τρόπους.,https://www.youtube.com/watch?v=X1ev3RxDnNI,2023-11-28,Greek,5
ΑΜΕΤΑΝΟΗΤΟΣ Μπέος βγαίνει στον ΑΝΤ1 και τα ΞΑΝΑΧΩΝΕΙ στου πάντες χωρίς να θέλει να προσβάλει ΚΑΝΕΝΑΝ,Στο 1:41 κάποιος έφτυσε το πλεμόνι του..,https://www.youtube.com/watch?v=X1ev3RxDnNI,2023-11-28,Greek,5
ΑΜΕΤΑΝΟΗΤΟΣ Μπέος βγαίνει στον ΑΝΤ1 και τα ΞΑΝΑΧΩΝΕΙ στου πάντες χωρίς να θέλει να προσβάλει ΚΑΝΕΝΑΝ,bravo ston k. mpeo!!,https://www.youtube.com/watch?v=X1ev3RxDnNI,2023-11-28,Greeklish,2
ΑΜΕΤΑΝΟΗΤΟΣ Μπέος βγαίνει στον ΑΝΤ1 και τα ΞΑΝΑΧΩΝΕΙ στου πάντες χωρίς να θέλει να προσβάλει ΚΑΝΕΝΑΝ,"Καλός δήμαρχος, μάλλον δεν είναι, αλλά αυτά που λέει για τον Κασελάκη είναι πολύ σωστά. Μην κολλάτε στον Δήμαρχο του Βόλου. Ελάτε και σε μας. Τα ίδια θα πούμε για την πούστρα.",https://www.youtube.com/watch?v=X1ev3RxDnNI,2023-11-28,Other,2
ΑΜΕΤΑΝΟΗΤΟΣ Μπέος βγαίνει στον ΑΝΤ1 και τα ΞΑΝΑΧΩΝΕΙ στου πάντες χωρίς να θέλει να προσβάλει ΚΑΝΕΝΑΝ,MΠΕΟ μαζι σου.Πανε να μας περασουν την ανωμαλια για κανονικοτητα.,https://www.youtube.com/watch?v=X1ev3RxDnNI,2023-11-28,English,2
ΑΜΕΤΑΝΟΗΤΟΣ Μπέος βγαίνει στον ΑΝΤ1 και τα ΞΑΝΑΧΩΝΕΙ στου πάντες χωρίς να θέλει να προσβάλει ΚΑΝΕΝΑΝ,Μπράβο στον δήμαρχο ,https://www.youtube.com/watch?v=X1ev3RxDnNI,2023-11-28,Greek,2
ΑΜΕΤΑΝΟΗΤΟΣ Μπέος βγαίνει στον ΑΝΤ1 και τα ΞΑΝΑΧΩΝΕΙ στου πάντες χωρίς να θέλει να προσβάλει ΚΑΝΕΝΑΝ,tous ekanes poutanes olous mpeo,https://www.youtube.com/watch?v=X1ev3RxDnNI,2023-11-28,Other,5
ΑΜΕΤΑΝΟΗΤΟΣ Μπέος βγαίνει στον ΑΝΤ1 και τα ΞΑΝΑΧΩΝΕΙ στου πάντες χωρίς να θέλει να προσβάλει ΚΑΝΕΝΑΝ,Σωστός ο Μπέος.,https://www.youtube.com/watch?v=X1ev3RxDnNI,2023-11-28,Greek,2
ΑΜΕΤΑΝΟΗΤΟΣ Μπέος βγαίνει στον ΑΝΤ1 και τα ΞΑΝΑΧΩΝΕΙ στου πάντες χωρίς να θέλει να προσβάλει ΚΑΝΕΝΑΝ,"""Μπράβο στο λαο του Βόλου που έχει Δήμαρχο του Κωλου"" (Τα εννιάμερα)!!",https://www.youtube.com/watch?v=X1ev3RxDnNI,2023-11-28,Greeklish,5
ΑΜΕΤΑΝΟΗΤΟΣ Μπέος βγαίνει στον ΑΝΤ1 και τα ΞΑΝΑΧΩΝΕΙ στου πάντες χωρίς να θέλει να προσβάλει ΚΑΝΕΝΑΝ,kolofasista loumpenariooooooooooooooooooooooooooooooooooooooooo,https://www.youtube.com/watch?v=X1ev3RxDnNI,2023-11-28,English,5
ΑΜΕΤΑΝΟΗΤΟΣ Μπέος βγαίνει στον ΑΝΤ1 και τα ΞΑΝΑΧΩΝΕΙ στου πάντες χωρίς να θέλει να προσβάλει ΚΑΝΕΝΑΝ,"Έχει σηκώσει πολύ τον αμανέ δυστυχώς. Τι άλλο θα περάσει ο Βόλος? Άσχετα με το συγκεκριμένο περιστατικό, εγώ θα θυμίσω αυτό που είχε πει στην πλημμύρα (προεκλογικά φυσικά χωρίς να ξέρει αν θα ξαναβγεί) ότι θα έδινε τον μισθό του για 1 χρόνο στους παθόντες. Θέλω να δω αν θα κάτσει έστω 3 μήνες αμισθί και αν αυτοί που τον ψήφισαν θυμούνται τι έχει τάξει δημόσια.... ",https://www.youtube.com/watch?v=X1ev3RxDnNI,2023-11-28,Other,5
ΑΜΕΤΑΝΟΗΤΟΣ Μπέος βγαίνει στον ΑΝΤ1 και τα ΞΑΝΑΧΩΝΕΙ στου πάντες χωρίς να θέλει να προσβάλει ΚΑΝΕΝΑΝ,Πες τα Μπογιοπουλε με το κατακαθι της κοινωνιας,https://www.youtube.com/watch?v=X1ev3RxDnNI,2023-11-28,Greek,2
ΑΜΕΤΑΝΟΗΤΟΣ Μπέος βγαίνει στον ΑΝΤ1 και τα ΞΑΝΑΧΩΝΕΙ στου πάντες χωρίς να θέλει να προσβάλει ΚΑΝΕΝΑΝ,Μπεος πάρα πολύ καλός και αληθινός έτσι πρέπει να ναι οι άνθρωποι,https://www.youtube.com/watch?v=X1ev3RxDnNI,2023-11-28,Other,2
ΑΜΕΤΑΝΟΗΤΟΣ Μπέος βγαίνει στον ΑΝΤ1 και τα ΞΑΝΑΧΩΝΕΙ στου πάντες χωρίς να θέλει να προσβάλει ΚΑΝΕΝΑΝ,DOSE PRODRE PONO STOUS DIMOSIOKAFROUS,https://www.youtube.com/watch?v=X1ev3RxDnNI,2023-11-28,Greeklish,5
ΑΜΕΤΑΝΟΗΤΟΣ Μπέος βγαίνει στον ΑΝΤ1 και τα ΞΑΝΑΧΩΝΕΙ στου πάντες χωρίς να θέλει να προσβάλει ΚΑΝΕΝΑΝ,Έχει διξαιι όμως γιατί ο Μπεος εχι ανεβάσει πολύ τον Βόλο. Και δεν φταει αυτό που οι προηγούμενες έκανα λάθος έργα. Αυτό έτσι τα βρηκε,https://www.youtube.com/watch?v=X1ev3RxDnNI,2023-11-28,Other,2
ΑΜΕΤΑΝΟΗΤΟΣ Μπέος βγαίνει στον ΑΝΤ1 και τα ΞΑΝΑΧΩΝΕΙ στου πάντες χωρίς να θέλει να προσβάλει ΚΑΝΕΝΑΝ,Μπράβο ρε Μπεο!!!! Καλά τα λες!!!,https://www.youtube.com/watch?v=X1ev3RxDnNI,2023-11-28,Greeklish,2
ΑΜΕΤΑΝΟΗΤΟΣ Μπέος βγαίνει στον ΑΝΤ1 και τα ΞΑΝΑΧΩΝΕΙ στου πάντες χωρίς να θέλει να προσβάλει ΚΑΝΕΝΑΝ,Ελλάδα 2023.......περαστικά σας,https://www.youtube.com/watch?v=X1ev3RxDnNI,2023-11-28,English,3
ΑΜΕΤΑΝΟΗΤΟΣ Μπέος βγαίνει στον ΑΝΤ1 και τα ΞΑΝΑΧΩΝΕΙ στου πάντες χωρίς να θέλει να προσβάλει ΚΑΝΕΝΑΝ,Να τον χαίρεστε στον Βόλο,https://www.youtube.com/watch?v=X1ev3RxDnNI,2023-11-28,Greek,2
ΑΜΕΤΑΝΟΗΤΟΣ Μπέος βγαίνει στον ΑΝΤ1 και τα ΞΑΝΑΧΩΝΕΙ στου πάντες χωρίς να θέλει να προσβάλει ΚΑΝΕΝΑΝ,μΠεος,https://www.youtube.com/watch?v=X1ev3RxDnNI,2023-11-28,Other,5
ΑΜΕΤΑΝΟΗΤΟΣ Μπέος βγαίνει στον ΑΝΤ1 και τα ΞΑΝΑΧΩΝΕΙ στου πάντες χωρίς να θέλει να προσβάλει ΚΑΝΕΝΑΝ,Άρχισα να τον συμπαθώ αυτόν τον άνθρωπο...,https://www.youtube.com/watch?v=X1ev3RxDnNI,2023-11-28,Greek,2
ΑΜΕΤΑΝΟΗΤΟΣ Μπέος βγαίνει στον ΑΝΤ1 και τα ΞΑΝΑΧΩΝΕΙ στου πάντες χωρίς να θέλει να προσβάλει ΚΑΝΕΝΑΝ,"Λοιπόνμετά τον Κασιδιάρη,Μπέος δαγκωτοοοοοό",https://www.youtube.com/watch?v=X1ev3RxDnNI,2023-11-28,Other,2
ΑΜΕΤΑΝΟΗΤΟΣ Μπέος βγαίνει στον ΑΝΤ1 και τα ΞΑΝΑΧΩΝΕΙ στου πάντες χωρίς να θέλει να προσβάλει ΚΑΝΕΝΑΝ,"Περιμένω την ώρα που θα φανερωθεί ότι ίδιος  ο Μπεος το ""κανελωνει το παστέλι""",https://www.youtube.com/watch?v=X1ev3RxDnNI,2023-11-28,Other,5
ΑΜΕΤΑΝΟΗΤΟΣ Μπέος βγαίνει στον ΑΝΤ1 και τα ΞΑΝΑΧΩΝΕΙ στου πάντες χωρίς να θέλει να προσβάλει ΚΑΝΕΝΑΝ,Ετσι μεγαλε  μπεο,https://www.youtube.com/watch?v=X1ev3RxDnNI,2023-11-28,Greeklish,2
ΑΜΕΤΑΝΟΗΤΟΣ Μπέος βγαίνει στον ΑΝΤ1 και τα ΞΑΝΑΧΩΝΕΙ στου πάντες χωρίς να θέλει να προσβάλει ΚΑΝΕΝΑΝ,το 50κάτι % στον κάποιον μπέο δείχνει πως ο βόλος δεν πνίγεται στις λάσπες αλλά στα σκατ@ > να τον χαίρεστε.,https://www.youtube.com/watch?v=X1ev3RxDnNI,2023-11-28,Other,5
ΑΜΕΤΑΝΟΗΤΟΣ Μπέος βγαίνει στον ΑΝΤ1 και τα ΞΑΝΑΧΩΝΕΙ στου πάντες χωρίς να θέλει να προσβάλει ΚΑΝΕΝΑΝ,Na einai kala o mpeos poy paei kontra sthn amerikania. Politis ayths ths xwras? ayto einai asxeto. Den tha eprepe oloi oi polites toy elladistan na exoyn apopsh.,https://www.youtube.com/watch?v=X1ev3RxDnNI,2023-11-28,English,5
ΑΜΕΤΑΝΟΗΤΟΣ Μπέος βγαίνει στον ΑΝΤ1 και τα ΞΑΝΑΧΩΝΕΙ στου πάντες χωρίς να θέλει να προσβάλει ΚΑΝΕΝΑΝ,Αχιλλέας Πεοσ,https://www.youtube.com/watch?v=X1ev3RxDnNI,2023-11-28,Other,3
ΑΜΕΤΑΝΟΗΤΟΣ Μπέος βγαίνει στον ΑΝΤ1 και τα ΞΑΝΑΧΩΝΕΙ στου πάντες χωρίς να θέλει να προσβάλει ΚΑΝΕΝΑΝ,Θεε μου σαν να ακουω τους γονεις μου...ΑΥΤΗ Η ΓΕΝΙΑ ΤΟΥ ΜΠΕΟΥ ΜΑΣ ΕΧΕΙ ΚΑΤΑΣΤΡΕΨΕΙ ΑΠΟ ΟΛΕΣ ΤΙΣ ΠΛΕΥΡΕΣ....!,https://www.youtube.com/watch?v=X1ev3RxDnNI,2023-11-28,Greeklish,5
ΑΜΕΤΑΝΟΗΤΟΣ Μπέος βγαίνει στον ΑΝΤ1 και τα ΞΑΝΑΧΩΝΕΙ στου πάντες χωρίς να θέλει να προσβάλει ΚΑΝΕΝΑΝ,Είδαμε και τους μορφωμενους,https://www.youtube.com/watch?v=X1ev3RxDnNI,2023-11-28,Greeklish,2
ΑΜΕΤΑΝΟΗΤΟΣ Μπέος βγαίνει στον ΑΝΤ1 και τα ΞΑΝΑΧΩΝΕΙ στου πάντες χωρίς να θέλει να προσβάλει ΚΑΝΕΝΑΝ,Μπράβο προεδρε,https://www.youtube.com/watch?v=X1ev3RxDnNI,2023-11-28,Other,2
ΑΜΕΤΑΝΟΗΤΟΣ Μπέος βγαίνει στον ΑΝΤ1 και τα ΞΑΝΑΧΩΝΕΙ στου πάντες χωρίς να θέλει να προσβάλει ΚΑΝΕΝΑΝ,Γεια  σου ρε Μπογιόπουλε ΜΕΓΑΛΕ,https://www.youtube.com/watch?v=X1ev3RxDnNI,2023-11-28,English,2
ΑΜΕΤΑΝΟΗΤΟΣ Μπέος βγαίνει στον ΑΝΤ1 και τα ΞΑΝΑΧΩΝΕΙ στου πάντες χωρίς να θέλει να προσβάλει ΚΑΝΕΝΑΝ,Γειά σου κύριε δήμαρχε!!!,https://www.youtube.com/watch?v=X1ev3RxDnNI,2023-11-28,Greeklish,2
ΑΜΕΤΑΝΟΗΤΟΣ Μπέος βγαίνει στον ΑΝΤ1 και τα ΞΑΝΑΧΩΝΕΙ στου πάντες χωρίς να θέλει να προσβάλει ΚΑΝΕΝΑΝ,Δώσε πόνο Μπεο!!!,https://www.youtube.com/watch?v=X1ev3RxDnNI,2023-11-28,English,5
ΑΜΕΤΑΝΟΗΤΟΣ Μπέος βγαίνει στον ΑΝΤ1 και τα ΞΑΝΑΧΩΝΕΙ στου πάντες χωρίς να θέλει να προσβάλει ΚΑΝΕΝΑΝ,Μπράβο Αχιλλέα.,https://www.youtube.com/watch?v=X1ev3RxDnNI,2023-11-28,Greeklish,2
ΑΜΕΤΑΝΟΗΤΟΣ Μπέος βγαίνει στον ΑΝΤ1 και τα ΞΑΝΑΧΩΝΕΙ στου πάντες χωρίς να θέλει να προσβάλει ΚΑΝΕΝΑΝ,Κυριε Μπεε λεει το αμορφωτο λενινιστικο γιδερο,https://www.youtube.com/watch?v=X1ev3RxDnNI,2023-11-28,English,5
ΑΜΕΤΑΝΟΗΤΟΣ Μπέος βγαίνει στον ΑΝΤ1 και τα ΞΑΝΑΧΩΝΕΙ στου πάντες χωρίς να θέλει να προσβάλει ΚΑΝΕΝΑΝ,Ολοι σας και μονος του ΠΑΜΕ ΡΕ ΜΕΓΑΛΕ ΜΠΕΟ,https://www.youtube.com/watch?v=X1ev3RxDnNI,2023-11-28,English,2
ΑΜΕΤΑΝΟΗΤΟΣ Μπέος βγαίνει στον ΑΝΤ1 και τα ΞΑΝΑΧΩΝΕΙ στου πάντες χωρίς να θέλει να προσβάλει ΚΑΝΕΝΑΝ,Τζιτζιφιογκους για πρωινό σας έχει ο μπεος!!,https://www.youtube.com/watch?v=X1ev3RxDnNI,2023-11-28,English,2
ΑΜΕΤΑΝΟΗΤΟΣ Μπέος βγαίνει στον ΑΝΤ1 και τα ΞΑΝΑΧΩΝΕΙ στου πάντες χωρίς να θέλει να προσβάλει ΚΑΝΕΝΑΝ,Μπράβο κ Μπέου τα λες όπως είναι,https://www.youtube.com/watch?v=X1ev3RxDnNI,2023-11-28,Other,2
ΑΜΕΤΑΝΟΗΤΟΣ Μπέος βγαίνει στον ΑΝΤ1 και τα ΞΑΝΑΧΩΝΕΙ στου πάντες χωρίς να θέλει να προσβάλει ΚΑΝΕΝΑΝ,Αχιλλεας,https://www.youtube.com/watch?v=X1ev3RxDnNI,2023-11-28,English,2
ΑΜΕΤΑΝΟΗΤΟΣ Μπέος βγαίνει στον ΑΝΤ1 και τα ΞΑΝΑΧΩΝΕΙ στου πάντες χωρίς να θέλει να προσβάλει ΚΑΝΕΝΑΝ,kleiste ton mesa,https://www.youtube.com/watch?v=X1ev3RxDnNI,2023-11-28,Other,5
ΑΜΕΤΑΝΟΗΤΟΣ Μπέος βγαίνει στον ΑΝΤ1 και τα ΞΑΝΑΧΩΝΕΙ στου πάντες χωρίς να θέλει να προσβάλει ΚΑΝΕΝΑΝ,"Κάποιοι θα πούνε να μου κοπεί το χέρι που σε ψήφισα
Εγώ θα πω να είχα και ένα τρίτο να σε ψήφιζα ",https://www.youtube.com/watch?v=X1ev3RxDnNI,2023-11-28,Other,2
ΑΜΕΤΑΝΟΗΤΟΣ Μπέος βγαίνει στον ΑΝΤ1 και τα ΞΑΝΑΧΩΝΕΙ στου πάντες χωρίς να θέλει να προσβάλει ΚΑΝΕΝΑΝ,Ο δήμαρχος της καρδιάς μας...δώσε πόνο..,https://www.youtube.com/watch?v=X1ev3RxDnNI,2023-11-28,English,2
ΑΜΕΤΑΝΟΗΤΟΣ Μπέος βγαίνει στον ΑΝΤ1 και τα ΞΑΝΑΧΩΝΕΙ στου πάντες χωρίς να θέλει να προσβάλει ΚΑΝΕΝΑΝ,️ ένταξει από χτες το είπατε....ξανά σήμερα πόσες φορές ακόμα..??.πόσο σας πόνεσε και σας γλενταει ο Μπεος . Εκεί ξιδακι.... Μπεος αλάνι μεγάλο ,https://www.youtube.com/watch?v=X1ev3RxDnNI,2023-11-28,English,5
ΑΜΕΤΑΝΟΗΤΟΣ Μπέος βγαίνει στον ΑΝΤ1 και τα ΞΑΝΑΧΩΝΕΙ στου πάντες χωρίς να θέλει να προσβάλει ΚΑΝΕΝΑΝ,Δωσε ΠΟΝΟ ΜΠΕΟ!!!!!,https://www.youtube.com/watch?v=X1ev3RxDnNI,2023-11-28,Greeklish,5
ΑΜΕΤΑΝΟΗΤΟΣ Μπέος βγαίνει στον ΑΝΤ1 και τα ΞΑΝΑΧΩΝΕΙ στου πάντες χωρίς να θέλει να προσβάλει ΚΑΝΕΝΑΝ,Τους έχει όλους,https://www.youtube.com/watch?v=X1ev3RxDnNI,2023-11-28,Other,2
ΑΜΕΤΑΝΟΗΤΟΣ Μπέος βγαίνει στον ΑΝΤ1 και τα ΞΑΝΑΧΩΝΕΙ στου πάντες χωρίς να θέλει να προσβάλει ΚΑΝΕΝΑΝ,επιτελους καποιος που τα λεει ..,https://www.youtube.com/watch?v=X1ev3RxDnNI,2023-11-28,English,2
ΑΜΕΤΑΝΟΗΤΟΣ Μπέος βγαίνει στον ΑΝΤ1 και τα ΞΑΝΑΧΩΝΕΙ στου πάντες χωρίς να θέλει να προσβάλει ΚΑΝΕΝΑΝ,Σε ένα από λίγα ζητήματα που θα συμφωνήσω με τον κ. Δήμαρχο.,https://www.youtube.com/watch?v=X1ev3RxDnNI,2023-11-28,Greeklish,2
ΑΜΕΤΑΝΟΗΤΟΣ Μπέος βγαίνει στον ΑΝΤ1 και τα ΞΑΝΑΧΩΝΕΙ στου πάντες χωρίς να θέλει να προσβάλει ΚΑΝΕΝΑΝ,Πεστα Μπογιοπουλε !!,https://www.youtube.com/watch?v=X1ev3RxDnNI,2023-11-28,Greeklish,2
ΑΜΕΤΑΝΟΗΤΟΣ Μπέος βγαίνει στον ΑΝΤ1 και τα ΞΑΝΑΧΩΝΕΙ στου πάντες χωρίς να θέλει να προσβάλει ΚΑΝΕΝΑΝ,Mpeos mono,https://www.youtube.com/watch?v=X1ev3RxDnNI,2023-11-28,English,2
ΑΜΕΤΑΝΟΗΤΟΣ Μπέος βγαίνει στον ΑΝΤ1 και τα ΞΑΝΑΧΩΝΕΙ στου πάντες χωρίς να θέλει να προσβάλει ΚΑΝΕΝΑΝ,Από χθές συμπαθώ τον μπεο,https://www.youtube.com/watch?v=X1ev3RxDnNI,2023-11-28,Greek,2
ΑΜΕΤΑΝΟΗΤΟΣ Μπέος βγαίνει στον ΑΝΤ1 και τα ΞΑΝΑΧΩΝΕΙ στου πάντες χωρίς να θέλει να προσβάλει ΚΑΝΕΝΑΝ,Πες τα Μπεο!!! Ολοι αυτα σκέφτονται αλλα φοβουνται να τα πουν...,https://www.youtube.com/watch?v=X1ev3RxDnNI,2023-11-28,English,2
ΑΜΕΤΑΝΟΗΤΟΣ Μπέος βγαίνει στον ΑΝΤ1 και τα ΞΑΝΑΧΩΝΕΙ στου πάντες χωρίς να θέλει να προσβάλει ΚΑΝΕΝΑΝ,......ετσι...με.τον Αχιλλέα...,https://www.youtube.com/watch?v=X1ev3RxDnNI,2023-11-28,Greeklish,2
ΑΜΕΤΑΝΟΗΤΟΣ Μπέος βγαίνει στον ΑΝΤ1 και τα ΞΑΝΑΧΩΝΕΙ στου πάντες χωρίς να θέλει να προσβάλει ΚΑΝΕΝΑΝ,Δον Κορλεονε,https://www.youtube.com/watch?v=X1ev3RxDnNI,2023-11-28,English,2
ΑΜΕΤΑΝΟΗΤΟΣ Μπέος βγαίνει στον ΑΝΤ1 και τα ΞΑΝΑΧΩΝΕΙ στου πάντες χωρίς να θέλει να προσβάλει ΚΑΝΕΝΑΝ,Μπέο σαγαπω ,https://www.youtube.com/watch?v=X1ev3RxDnNI,2023-11-28,English,2
ΑΜΕΤΑΝΟΗΤΟΣ Μπέος βγαίνει στον ΑΝΤ1 και τα ΞΑΝΑΧΩΝΕΙ στου πάντες χωρίς να θέλει να προσβάλει ΚΑΝΕΝΑΝ,Καλησπέρα διευθυντής 4 δημοτικού αμαλιαδας εδω..ο μπεος πρεπει να γυρίσει να τελειώσει την Τετάρτη δημοτικου,https://www.youtube.com/watch?v=X1ev3RxDnNI,2023-11-28,Other,2
ΑΜΕΤΑΝΟΗΤΟΣ Μπέος βγαίνει στον ΑΝΤ1 και τα ΞΑΝΑΧΩΝΕΙ στου πάντες χωρίς να θέλει να προσβάλει ΚΑΝΕΝΑΝ,Γεια σου ρε Μπέο Άρχοντα! Νούμερα και πoύστnδεs είναι!,https://www.youtube.com/watch?v=X1ev3RxDnNI,2023-11-28,English,2
ΑΜΕΤΑΝΟΗΤΟΣ Μπέος βγαίνει στον ΑΝΤ1 και τα ΞΑΝΑΧΩΝΕΙ στου πάντες χωρίς να θέλει να προσβάλει ΚΑΝΕΝΑΝ,"Μπράβο στον κ.ΜΠΕΟ,ευγε",https://www.youtube.com/watch?v=X1ev3RxDnNI,2023-11-28,Greeklish,2
ΑΜΕΤΑΝΟΗΤΟΣ Μπέος βγαίνει στον ΑΝΤ1 και τα ΞΑΝΑΧΩΝΕΙ στου πάντες χωρίς να θέλει να προσβάλει ΚΑΝΕΝΑΝ,"Γεια σου ρε Μπεο αλανι,πολυ σωστα τα ειπε...εχουμε κανει την παραφυση κανονικοτητα!",https://www.youtube.com/watch?v=X1ev3RxDnNI,2023-11-28,Other,2
ΑΜΕΤΑΝΟΗΤΟΣ Μπέος βγαίνει στον ΑΝΤ1 και τα ΞΑΝΑΧΩΝΕΙ στου πάντες χωρίς να θέλει να προσβάλει ΚΑΝΕΝΑΝ,Κατάντια,https://www.youtube.com/watch?v=X1ev3RxDnNI,2023-11-28,English,2
ΑΜΕΤΑΝΟΗΤΟΣ Μπέος βγαίνει στον ΑΝΤ1 και τα ΞΑΝΑΧΩΝΕΙ στου πάντες χωρίς να θέλει να προσβάλει ΚΑΝΕΝΑΝ,ΣΩΣΤΟΣ Ο ΜΠΕΟΟΣΣΣΣ,https://www.youtube.com/watch?v=X1ev3RxDnNI,2023-11-28,Greek,2
ΑΜΕΤΑΝΟΗΤΟΣ Μπέος βγαίνει στον ΑΝΤ1 και τα ΞΑΝΑΧΩΝΕΙ στου πάντες χωρίς να θέλει να προσβάλει ΚΑΝΕΝΑΝ,Δεν είμαστε λαός ,https://www.youtube.com/watch?v=X1ev3RxDnNI,2023-11-28,Greeklish,5
ΑΜΕΤΑΝΟΗΤΟΣ Μπέος βγαίνει στον ΑΝΤ1 και τα ΞΑΝΑΧΩΝΕΙ στου πάντες χωρίς να θέλει να προσβάλει ΚΑΝΕΝΑΝ,"Πες αυτα που λεμε Μπεο !!!!!!
Το γυαλίζουν το πόμολο!!!!!!!!",https://www.youtube.com/watch?v=X1ev3RxDnNI,2023-11-28,Greeklish,2
ΑΜΕΤΑΝΟΗΤΟΣ Μπέος βγαίνει στον ΑΝΤ1 και τα ΞΑΝΑΧΩΝΕΙ στου πάντες χωρίς να θέλει να προσβάλει ΚΑΝΕΝΑΝ,Μπράβο αχχιλεα,https://www.youtube.com/watch?v=X1ev3RxDnNI,2023-11-28,Greeklish,2
ΑΜΕΤΑΝΟΗΤΟΣ Μπέος βγαίνει στον ΑΝΤ1 και τα ΞΑΝΑΧΩΝΕΙ στου πάντες χωρίς να θέλει να προσβάλει ΚΑΝΕΝΑΝ,μια χαρα ειναι ο μπεος...οι αλλοι ειναιχειροτεροι που το παιζουν πιο προχωρημενοι...,https://www.youtube.com/watch?v=X1ev3RxDnNI,2023-11-28,Other,2
Σταθακόπουλος: Τα «Γλυπτά του Παρθενώνα» ήταν μόνο η αφορμή,"Όταν θα σεβαστούμε την ιστορία μας και τις παραδόσεις μας της  ελληνορθόδοξες, τότε θα μας σέβονται και οι άλλοι λαοί, έχουμε ξεπέσει σαν έθνος",https://www.youtube.com/watch?v=avB5OtMKQRc,2023-10-07,English,2
Σταθακόπουλος: Τα «Γλυπτά του Παρθενώνα» ήταν μόνο η αφορμή,Υποκλίνομαι στις σκέψεις του κυρίου Σταθακοπούλου !,https://www.youtube.com/watch?v=avB5OtMKQRc,2023-11-25,Greek,2
Σταθακόπουλος: Τα «Γλυπτά του Παρθενώνα» ήταν μόνο η αφορμή,Μια χώρα οπως η Βρετανία ακομη και οσο καλη σχέση και αν έχει με την Τουρκία...δεν πρέπει να αγνοεί την Ελλάδα ως κράτος και γεωπολιτικό χώρο  !!!,https://www.youtube.com/watch?v=avB5OtMKQRc,2023-11-25,Other,2
Σταθακόπουλος: Τα «Γλυπτά του Παρθενώνα» ήταν μόνο η αφορμή,Η Αγγλία μετά το 1945 η στάση της απέναντι στα Ελληνικά συμφέροντα ήταν πάντοτε εχθρική.,https://www.youtube.com/watch?v=avB5OtMKQRc,2023-11-26,Greek,5
Σταθακόπουλος: Τα «Γλυπτά του Παρθενώνα» ήταν μόνο η αφορμή,"Ένας καταπληκτικός Επιστημωνασο Κ Σταθάκοπουλος Μον αλήθειες ΑΚΟΥΣ με επιχειρηματα ,,, ΜΠΡΑΒΟ ",https://www.youtube.com/watch?v=avB5OtMKQRc,2023-11-26,Other,2
Σταθακόπουλος: Τα «Γλυπτά του Παρθενώνα» ήταν μόνο η αφορμή,Μπράβο σας κ Σταθακόπουλε συμφωνώ απόλυτα με τα λεγόμενα σας!!!!,https://www.youtube.com/watch?v=avB5OtMKQRc,2023-11-26,Greek,2
Σταθακόπουλος: Τα «Γλυπτά του Παρθενώνα» ήταν μόνο η αφορμή,"Μάθετε κάτι που ίσως δεν ξέρετε, οι εχθροί της Ελλάδας είναι κατά σειρά Γερμανία, Αγγλία, και μετά η Τουρκία.",https://www.youtube.com/watch?v=avB5OtMKQRc,2023-11-25,Other,2
Σταθακόπουλος: Τα «Γλυπτά του Παρθενώνα» ήταν μόνο η αφορμή,Τα συμφέροντα δεν είναι σταθερά. Και ερμηνεύονται και αυτά.,https://www.youtube.com/watch?v=avB5OtMKQRc,2023-11-25,Greek,2
Σταθακόπουλος: Τα «Γλυπτά του Παρθενώνα» ήταν μόνο η αφορμή,"ΟΧΙ ΔΑΝΙΣΜΟ ΕΠΙΣΤΡΟΦΗ ΓΙΑ ΠΑΝΤΑ 🇬🇷🇬🇷🇬🇷
ΕΜΕΙΣ ΔΕΝ ΤΟΥΣ ΤΑ ΔΑΝΙΣΑΜΕ.....ΜΑΣ ΤΑ ΕΚΛΕΨΑΝ",https://www.youtube.com/watch?v=avB5OtMKQRc,2023-11-26,Greek,2
Σταθακόπουλος: Τα «Γλυπτά του Παρθενώνα» ήταν μόνο η αφορμή,Παρόμοιο διπλωματικό φιάσκο είχαν κάνει οι Γερμανοί στην Ναμίμπια όταν ήρθε να παραλάβει κάτι κόκκαλα από την αποικιοκρατία. Για να μη ζητήσουν κι άλλα. Συμπεριφέρονται στην Ελλάδα με όρους αποικιοκρατίας.,https://www.youtube.com/watch?v=avB5OtMKQRc,2023-11-27,English,2
Σταθακόπουλος: Τα «Γλυπτά του Παρθενώνα» ήταν μόνο η αφορμή,Αυτό κολλάει με την παροιμία οποίος δεν πενευει και δεν προσέχει το σπίτι του πέφτει και τον πλακώνει αφού μας έχουν όλοι στη σφαλιαρα,https://www.youtube.com/watch?v=avB5OtMKQRc,2023-11-26,Other,5
Σταθακόπουλος: Τα «Γλυπτά του Παρθενώνα» ήταν μόνο η αφορμή,"Για μενα ηταν μεγαλη προσβολη αυτο που εκανε ο Σουνακ, ο Ινδος...",https://www.youtube.com/watch?v=avB5OtMKQRc,2023-11-26,English,5
Σταθακόπουλος: Τα «Γλυπτά του Παρθενώνα» ήταν μόνο η αφορμή,Μονο η ενοχες φέρνουν τέτοιες αντιδράσεις!!! Ο ένοχος δεν θελει να ακούσει την αλήθεια!!!,https://www.youtube.com/watch?v=avB5OtMKQRc,2023-11-28,Greek,5
Σταθακόπουλος: Τα «Γλυπτά του Παρθενώνα» ήταν μόνο η αφορμή,Και πότε ήτανε με την Ελλάδα!!! Μη τρελαθουμε!!!!,https://www.youtube.com/watch?v=avB5OtMKQRc,2023-11-28,English,2
Σταθακόπουλος: Τα «Γλυπτά του Παρθενώνα» ήταν μόνο η αφορμή,ΕΥΓΕ ΚΥΡΙΕ ΣΤΑΘΑΚΟΠΟΥΛΕ,https://www.youtube.com/watch?v=avB5OtMKQRc,2023-11-27,English,2
Σταθακόπουλος: Τα «Γλυπτά του Παρθενώνα» ήταν μόνο η αφορμή,"Όχι ""μάρμαρα"".",https://www.youtube.com/watch?v=avB5OtMKQRc,2023-11-25,Other,5
Σταθακόπουλος: Τα «Γλυπτά του Παρθενώνα» ήταν μόνο η αφορμή,"πιο ρηχές και παιδιάστικες ερωτησεις, δεν εχω ξανακουσει να γινονται απο ""δημοσιογραφο""..",https://www.youtube.com/watch?v=avB5OtMKQRc,2023-11-27,Other,2
Σταθακόπουλος: Τα «Γλυπτά του Παρθενώνα» ήταν μόνο η αφορμή,ΝΑ ΣΤΑΜΑΤΗΣΟΥΜΕ ΝΑ ΣΤΕΛΝΟΥΜΕ ΣΤΟΥΣ ΤΕΛΕΙΟΜΕΝΟΥΣ ΦΛΟΡΟΥΣ ΑΓΓΛΟΥΣ ΠΡΟΤΕΣ ΥΛΕΣ ΝΑ ΠΑΡΟΥΜΕ ΠΙΣΟ ΤΑ ΑΓΑΛΜΑΤΑ ΠΟΥ ΕΧΟΥΝΕ ΒΓΑΛΕΙ ΤΑ ΑΓΓΛΑΚΙΑ 5 ΦΟΡΕΣ ΤΟ ΧΡΕΟΣ ΤΗΣ ΕΛΛΑΔΑΣ ΠΙΟΙ ΕΙΝΑΙ ΟΙ ΑΓΓΛΟΙ ΤΙ ΕΙΝΑΙ ΜΕΘΥΣΜΕΝΕΣ ΑΔΕΡΦΕΣ ΤΟΥ ΠΛΑΝΗΤΗ ΑΠΛΑ ΤΑ ΑΓΑΛΜΑΤΑ ΜΑΣ ΚΑΙ ΑΠΟ ΤΟΝ ΛΟΥΒΡΟ ΠΙΣΟ,https://www.youtube.com/watch?v=avB5OtMKQRc,2023-11-25,Greek,5
Σταθακόπουλος: Τα «Γλυπτά του Παρθενώνα» ήταν μόνο η αφορμή,Ο Λούλης ήταν μόνο για σιοου,https://www.youtube.com/watch?v=avB5OtMKQRc,2023-11-25,Greeklish,2
Σταθακόπουλος: Τα «Γλυπτά του Παρθενώνα» ήταν μόνο η αφορμή,🇬🇷🇨🇾🇨🇾🇬🇷,https://www.youtube.com/watch?v=avB5OtMKQRc,2023-11-24,English,2
Σταθακόπουλος: Τα «Γλυπτά του Παρθενώνα» ήταν μόνο η αφορμή,Και ειδα λεει στον υπνο μου οτι ο λογος ηταν τα eurofighter.,https://www.youtube.com/watch?v=avB5OtMKQRc,2023-11-28,Greek,5
Σταθακόπουλος: Τα «Γλυπτά του Παρθενώνα» ήταν μόνο η αφορμή,Καλησπέρα σας και ο Ερτογανσαφου πανυγηρισε για την ακύρωση του Μητσοτάκη τώρα τη λέει που του ακύρωσε ο Ιρανός την επίσκεψη του στην τουρκια ??,https://www.youtube.com/watch?v=avB5OtMKQRc,2023-11-24,Greek,2
Σταθακόπουλος: Τα «Γλυπτά του Παρθενώνα» ήταν μόνο η αφορμή,Ποιο είναι το άρθρο που αναφέρει ο κύριος Σταθακοπουλος ????? Του Τούρκου δημοσιογράφου,https://www.youtube.com/watch?v=avB5OtMKQRc,2023-11-26,Greek,2
Σταθακόπουλος: Τα «Γλυπτά του Παρθενώνα» ήταν μόνο η αφορμή,The Indian jewel is at the British museum and the India coverment whant them back so if the India primister came to England is he going to refuse to see him,https://www.youtube.com/watch?v=avB5OtMKQRc,2023-11-25,English,5
Σταθακόπουλος: Τα «Γλυπτά του Παρθενώνα» ήταν μόνο η αφορμή,Εμας μας ειχαν κατοχη πριν αναλαβει ηαμερικη,https://www.youtube.com/watch?v=avB5OtMKQRc,2023-11-14,English,2
Σταθακόπουλος: Τα «Γλυπτά του Παρθενώνα» ήταν μόνο η αφορμή,Παντα τουρκοφιλοι δεν ηταν????.,https://www.youtube.com/watch?v=avB5OtMKQRc,2023-11-26,Greeklish,2
Σταθακόπουλος: Τα «Γλυπτά του Παρθενώνα» ήταν μόνο η αφορμή,Η Μερκούρη  εκανε αγώνα  χρόνων  και δεν εγινε τιποτα.για δανεισμό  εγω θυμάμαι  λενε οι Βρετανοί..,https://www.youtube.com/watch?v=avB5OtMKQRc,2023-11-26,English,5
Σταθακόπουλος: Τα «Γλυπτά του Παρθενώνα» ήταν μόνο η αφορμή,Μας τα κλέψανε,https://www.youtube.com/watch?v=avB5OtMKQRc,2023-10-24,Other,2
Σταθακόπουλος: Τα «Γλυπτά του Παρθενώνα» ήταν μόνο η αφορμή,"«Της Μελίνα Μερκούρη» ; 2:00
",https://www.youtube.com/watch?v=avB5OtMKQRc,2023-11-26,English,2
Σταθακόπουλος: Τα «Γλυπτά του Παρθενώνα» ήταν μόνο η αφορμή,οι συμμαχοι μας οι αγαπημενοι...τι λετε τωρα φιλοδυτικοι?,https://www.youtube.com/watch?v=avB5OtMKQRc,2023-11-24,Greek,2
Σταθακόπουλος: Τα «Γλυπτά του Παρθενώνα» ήταν μόνο η αφορμή,"Γιαυτό δεν πρέπει να δανιζη Αρχαία η Ελλαδα
 όπου  είναι
 Η Ιστορία  μας",https://www.youtube.com/watch?v=avB5OtMKQRc,2023-11-25,Greeklish,5
Σταθακόπουλος: Τα «Γλυπτά του Παρθενώνα» ήταν μόνο η αφορμή,"Ψαχνουμε, παντα  να φταιει αλος εκτος απο μας.",https://www.youtube.com/watch?v=avB5OtMKQRc,2023-11-26,Other,2
Σταθακόπουλος: Τα «Γλυπτά του Παρθενώνα» ήταν μόνο η αφορμή,"Αλήθεια οί Πρωθυπουργοί τής Ελλάδος σέ συμβουλεύονται ; 
Ρητορική ερώτηση …
🇬🇷🇬🇷🇬🇷🇬🇷",https://www.youtube.com/watch?v=avB5OtMKQRc,2023-11-27,English,2
Σταθακόπουλος: Τα «Γλυπτά του Παρθενώνα» ήταν μόνο η αφορμή,Κάνε άλλη δουλειά   φιλε,https://www.youtube.com/watch?v=avB5OtMKQRc,2023-11-26,Greeklish,5
Σταθακόπουλος: Τα «Γλυπτά του Παρθενώνα» ήταν μόνο η αφορμή,Τα μάρμαρα έχουν αγοραστεί και αφαιρεθεί με την άδεια της τότε αρχής που διοικούσε τον ελλαδικό χώρο. Το να μιλάμε για κλεψιά είναι υπερβολή και ανακρίβεια.,https://www.youtube.com/watch?v=avB5OtMKQRc,2023-11-27,English,2
Σταθακόπουλος: Τα «Γλυπτά του Παρθενώνα» ήταν μόνο η αφορμή,O sounak ine o kenourios Tramp.pou o Erdoğan ton ekane oti ithele..,https://www.youtube.com/watch?v=avB5OtMKQRc,2023-11-26,Other,5
Σταθακόπουλος: Τα «Γλυπτά του Παρθενώνα» ήταν μόνο η αφορμή,"His behaviour ( UK PM ) wasn't right. But then again if a person's character comes with the following features, Weird-Abnormal, Liar, Immoderate, Arrogant, LAMOGIO & Traitor... Then the OTHERS will NOT HESITATE to treat him as he truly is!",https://www.youtube.com/watch?v=avB5OtMKQRc,2023-11-27,English,5
Σταθακόπουλος: Τα «Γλυπτά του Παρθενώνα» ήταν μόνο η αφορμή,Η μόνη φορά που στηρίζω Μητσοτάκη. Η μόνη φορά που τον συμπάθησα...,https://www.youtube.com/watch?v=avB5OtMKQRc,2023-11-25,Greek,2
